13:38:00,0,0.0,10.109637260437012
13:38:00,0.01,0.009999833334166664,10.109637260437012
13:38:00,0.02,0.01999866669333308,9.967220306396484
13:38:00,0.03,0.02999550020249566,10.036691665649414
13:38:01,0.04,0.03998933418663416,10.109637260437012
13:38:01,0.05,0.04997916927067833,10.109637260437012
13:38:01,0.060000000000000005,0.0599640064794446,10.109637260437012
13:38:01,0.07,0.06994284733753277,10.109637260437012
13:38:01,0.08,0.0799146939691727,10.109637260437012
13:38:01,0.09,0.08987854919801104,10.067007064819336
13:38:01,0.09999999999999999,0.09983341664682814,10.109637260437012
13:38:01,0.10999999999999999,0.1097783008371748,10.109637260437012
13:38:01,0.11999999999999998,0.11971220728891935,10.109637260437012
13:38:01,0.12999999999999998,0.12963414261969483,10.109637260437012
13:38:01,0.13999999999999999,0.13954311464423647,10.109637260437012
13:38:01,0.15,0.14943813247359922,10.109637260437012
13:38:01,0.16,0.15931820661424598,10.109637260437012
13:38:01,0.17,0.16918234906699603,10.109637260437012
13:38:01,0.18000000000000002,0.1790295734258242,10.109637260437012
13:38:01,0.19000000000000003,0.1888588949765006,10.109637260437012
13:38:01,0.20000000000000004,0.19866933079506124,10.109637260437012
13:38:01,0.21000000000000005,0.2084598998460996,10.04569149017334
13:38:01,0.22000000000000006,0.21822962308086938,10.109637260437012
13:38:01,0.23000000000000007,0.22797752353518846,10.109637260437012
13:38:01,0.24000000000000007,0.23770262642713466,10.109637260437012
13:38:01,0.25000000000000006,0.247403959254523,10.109637260437012
13:38:01,0.26000000000000006,0.2570805518921552,10.109637260437012
13:38:01,0.2700000000000001,0.2667314366888312,10.0885591506958
13:38:01,0.2800000000000001,0.2763556485641138,10.109637260437012
13:38:01,0.2900000000000001,0.28595222510483564,10.109637260437012
13:38:01,0.3000000000000001,0.29552020666133966,10.109637260437012
13:38:01,0.3100000000000001,0.3050586364434436,10.109637260437012
13:38:01,0.3200000000000001,0.3145665606161179,10.109637260437012
13:38:01,0.3300000000000001,0.3240430283948685,10.10955810546875
13:38:01,0.34000000000000014,0.3334870921408145,10.109637260437012
13:38:01,0.35000000000000014,0.3428978074554515,10.109637260437012
13:38:01,0.36000000000000015,0.3522742332750901,10.109637260437012
13:38:01,0.37000000000000016,0.36161543196496215,10.109637260437012
13:38:01,0.38000000000000017,0.37092046941298285,10.109637260437012
13:38:01,0.3900000000000002,0.3801884151231616,10.109637260437012
13:38:01,0.4000000000000002,0.3894183423086507,10.109637260437012
13:38:01,0.4100000000000002,0.39860932798442306,10.109637260437012
13:38:01,0.4200000000000002,0.40776045305957037,10.109637260437012
13:38:01,0.4300000000000002,0.416870802429211,10.109637260437012
13:38:01,0.4400000000000002,0.42593946506599983,10.109637260437012
13:38:01,0.45000000000000023,0.4349655341112304,10.109637260437012
13:38:01,0.46000000000000024,0.44394810696552,10.109637260437012
13:38:01,0.47000000000000025,0.4528862853790685,10.109637260437012
13:38:01,0.48000000000000026,0.4617791755414831,10.109637260437012
13:38:01,0.49000000000000027,0.47062588817115825,10.109637260437012
13:38:01,0.5000000000000002,0.47942553860420317,10.109637260437012
13:38:01,0.5100000000000002,0.4881772468829077,10.109637260437012
13:38:01,0.5200000000000002,0.4968801378437369,10.109637260437012
13:38:01,0.5300000000000002,0.5055333412048472,10.109637260437012
13:38:01,0.5400000000000003,0.5141359916531133,10.109637260437012
13:38:01,0.5500000000000003,0.5226872289306594,10.109637260437012
13:38:01,0.5600000000000003,0.5311861979208836,10.109637260437012
13:38:01,0.5700000000000003,0.5396320487339695,10.109637260437012
13:38:01,0.5800000000000003,0.5480239367918738,10.109637260437012
13:38:01,0.5900000000000003,0.556361022912784,10.109637260437012
13:38:01,0.6000000000000003,0.5646424733950356,10.109637260437012
13:38:01,0.6100000000000003,0.5728674601004815,10.109637260437012
13:38:01,0.6200000000000003,0.5810351605373053,10.109637260437012
13:38:02,0.6300000000000003,0.5891447579422697,10.109637260437012
13:38:02,0.6400000000000003,0.5971954413623923,10.109637260437012
13:38:02,0.6500000000000004,0.6051864057360399,10.109637260437012
13:38:02,0.6600000000000004,0.6131168519734341,10.109637260437012
13:38:02,0.6700000000000004,0.6209859870365599,10.109637260437012
13:38:02,0.6800000000000004,0.6287930240184688,10.109637260437012
13:38:02,0.6900000000000004,0.6365371822219682,10.109637260437012
13:38:02,0.7000000000000004,0.6442176872376913,10.109637260437012
13:38:02,0.7100000000000004,0.651833771021537,10.109637260437012
13:38:02,0.7200000000000004,0.6593846719714734,10.109637260437012
13:38:02,0.7300000000000004,0.6668696350036982,10.109637260437012
13:38:02,0.7400000000000004,0.6742879116281454,10.109637260437012
13:38:02,0.7500000000000004,0.6816387600233345,10.109637260437012
13:38:02,0.7600000000000005,0.6889214451105516,10.109637260437012
13:38:02,0.7700000000000005,0.696135238627357,10.109637260437012
13:38:02,0.7800000000000005,0.7032794192004105,10.109637260437012
13:38:02,0.7900000000000005,0.7103532724176082,10.109637260437012
13:38:02,0.8000000000000005,0.7173560908995231,10.109637260437012
13:38:02,0.8100000000000005,0.7242871743701429,10.109637260437012
13:38:02,0.8200000000000005,0.7311458297268962,10.109637260437012
13:38:02,0.8300000000000005,0.7379313711099631,10.109637260437012
13:38:02,0.8400000000000005,0.7446431199708596,10.109637260437012
13:38:02,0.8500000000000005,0.751280405140293,10.109637260437012
13:38:02,0.8600000000000005,0.7578425628952773,10.109637260437012
13:38:02,0.8700000000000006,0.7643289370255054,10.109637260437012
13:38:02,0.8800000000000006,0.7707388788989696,10.109637260437012
13:38:02,0.8900000000000006,0.7770717475268242,10.109637260437012
13:38:02,0.9000000000000006,0.7833269096274837,10.109637260437012
13:38:02,0.9100000000000006,0.7895037396899508,10.109637260437012
13:38:02,0.9200000000000006,0.7956016200363664,10.109637260437012
13:38:02,0.9300000000000006,0.8016199408837775,10.109637260437012
13:38:02,0.9400000000000006,0.8075581004051147,10.109637260437012
13:38:02,0.9500000000000006,0.8134155047893741,10.109637260437012
13:38:02,0.9600000000000006,0.8191915683009986,10.109637260437012
13:38:02,0.9700000000000006,0.8248857133384504,10.109637260437012
13:38:02,0.9800000000000006,0.8304973704919708,10.109637260437012
13:38:02,0.9900000000000007,0.8360259786005209,10.109637260437012
13:38:02,1.0000000000000007,0.8414709848078968,10.109637260437012
13:38:02,1.0100000000000007,0.8468318446180155,10.109637260437012
13:38:02,1.0200000000000007,0.8521080219493633,10.109637260437012
13:38:02,1.0300000000000007,0.8572989891886037,10.109637260437012
13:38:02,1.0400000000000007,0.8624042272433388,10.109637260437012
13:38:02,1.0500000000000007,0.8674232255940173,10.109637260437012
13:38:02,1.0600000000000007,0.8723554823449866,10.109637260437012
13:38:02,1.0700000000000007,0.877200504274682,10.109637260437012
13:38:02,1.0800000000000007,0.8819578068849478,10.109637260437012
13:38:02,1.0900000000000007,0.8866269144494876,10.109637260437012
13:38:02,1.1000000000000008,0.8912073600614356,10.109637260437012
13:38:02,1.1100000000000008,0.895698685680048,10.109637260437012
13:38:02,1.1200000000000008,0.9001004421765053,10.109637260437012
13:38:02,1.1300000000000008,0.9044121893788263,10.109637260437012
13:38:02,1.1400000000000008,0.9086334961158836,10.109637260437012
13:38:02,1.1500000000000008,0.9127639402605214,10.109637260437012
13:38:02,1.1600000000000008,0.9168031087717673,10.109637260437012
13:38:02,1.1700000000000008,0.920750597736136,10.109637260437012
13:38:02,1.1800000000000008,0.9246060124080206,10.108137130737305
13:38:02,1.1900000000000008,0.928368967249167,10.109637260437012
13:38:02,1.2000000000000008,0.9320390859672266,10.109637260437012
13:38:02,1.2100000000000009,0.9356160015533862,10.109637260437012
13:38:02,1.2200000000000009,0.9390993563190678,10.109637260437012
13:38:03,1.2300000000000009,0.9424888019316978,10.109637260437012
13:38:03,1.2400000000000009,0.9457839994495393,10.072454452514648
13:38:03,1.2500000000000009,0.9489846193555865,10.10955810546875
13:38:03,1.260000000000001,0.9520903415905161,10.109637260437012
13:38:03,1.270000000000001,0.9551008555846925,10.109637260437012
13:38:03,1.280000000000001,0.9580158602892253,10.109637260437012
13:38:03,1.290000000000001,0.9608350642060729,10.109637260437012
13:38:03,1.300000000000001,0.9635581854171932,9.950088500976562
13:38:03,1.310000000000001,0.9661849516127343,10.095190048217773
13:38:03,1.320000000000001,0.9687151001182654,10.109637260437012
13:38:03,1.330000000000001,0.9711483779210448,10.109637260437012
13:38:03,1.340000000000001,0.9734845416953196,10.109637260437012
13:38:03,1.350000000000001,0.9757233578266593,10.109637260437012
13:38:03,1.360000000000001,0.9778646024353164,9.9683256149292
13:38:03,1.370000000000001,0.9799080613986144,10.076874732971191
13:38:03,1.380000000000001,0.9818535303723599,10.109637260437012
13:38:03,1.390000000000001,0.9837008148112767,10.109637260437012
13:38:03,1.400000000000001,0.9854497299884604,10.109637260437012
13:38:03,1.410000000000001,0.9871001010138505,10.109637260437012
13:38:03,1.420000000000001,0.98865176285172,9.875564575195312
13:38:03,1.430000000000001,0.990104560337178,9.922931671142578
13:38:03,1.440000000000001,0.9914583481916865,10.06171703338623
13:38:03,1.450000000000001,0.9927129910375886,10.109637260437012
13:38:03,1.460000000000001,0.993868363411645,10.109637260437012
13:38:03,1.470000000000001,0.994924349777581,10.109637260437012
13:38:03,1.480000000000001,0.9958808445376401,9.881879806518555
13:38:03,1.490000000000001,0.9967377520431435,9.904537200927734
13:38:03,1.500000000000001,0.9974949866040546,9.985140800476074
13:38:03,1.5100000000000011,0.9981524724975482,10.107821464538574
13:38:03,1.5200000000000011,0.9987101439755831,10.109637260437012
13:38:03,1.5300000000000011,0.999167945271476,10.109637260437012
13:38:03,1.5400000000000011,0.9995258306054791,9.896800994873047
13:38:03,1.5500000000000012,0.999783764189357,9.865222930908203
13:38:03,1.5600000000000012,0.9999417202299663,9.882274627685547
13:38:03,1.5700000000000012,0.9999996829318346,9.998008728027344
13:38:03,1.5800000000000012,0.9999576464987401,10.107821464538574
13:38:03,1.5900000000000012,0.9998156151342908,10.109637260437012
13:38:03,1.6000000000000012,0.9995736030415051,10.008193016052246
13:38:03,1.6100000000000012,0.9992316344213905,9.880143165588379
13:38:03,1.6200000000000012,0.998789743470524,9.890958786010742
13:38:03,1.6300000000000012,0.9982479743776324,9.967061996459961
13:38:03,1.6400000000000012,0.9976063813191736,10.090059280395508
13:38:03,1.6500000000000012,0.9968650284539188,10.109637260437012
13:38:03,1.6600000000000013,0.9960239899165366,10.100400924682617
13:38:03,1.6700000000000013,0.9950833498101801,9.915905952453613
13:38:03,1.6800000000000013,0.9940432021980758,9.881169319152832
13:38:03,1.6900000000000013,0.9929036510941184,9.891510963439941
13:38:03,1.7000000000000013,0.9916648104524685,9.996824264526367
13:38:03,1.7100000000000013,0.9903268041561579,10.10584831237793
13:38:03,1.7200000000000013,0.9888897660047012,10.10111141204834
13:38:03,1.7300000000000013,0.9873538397007162,10.057217597961426
13:38:03,1.7400000000000013,0.9857191788355533,9.927825927734375
13:38:03,1.7500000000000013,0.9839859468739367,9.884169578552246
13:38:03,1.7600000000000013,0.9821543171376182,9.887801170349121
13:38:03,1.7700000000000014,0.9802244727880453,10.109637260437012
13:38:03,1.7800000000000014,0.9781966068080444,10.109637260437012
13:38:03,1.7900000000000014,0.9760709219825239,10.109637260437012
13:38:03,1.8000000000000014,0.9738476308781949,10.109637260437012
13:38:03,1.8100000000000014,0.9715269558223151,9.953009605407715
13:38:04,1.8200000000000014,0.9691091288804561,10.001482009887695
13:38:04,1.8300000000000014,0.9665943918332972,10.109637260437012
13:38:04,1.8400000000000014,0.9639829961524478,10.109637260437012
13:38:04,1.8500000000000014,0.9612752029752996,10.050585746765137
13:38:04,1.8600000000000014,0.9584712830789138,10.109637260437012
13:38:04,1.8700000000000014,0.9555715168529435,10.103400230407715
13:38:04,1.8800000000000014,0.9525761942715949,9.971719741821289
13:38:04,1.8900000000000015,0.94948561486463,10.109637260437012
13:38:04,1.9000000000000015,0.946300087687414,10.109637260437012
13:38:04,1.9100000000000015,0.94301993129001,10.04063892364502
13:38:04,1.9200000000000015,0.9396454736853244,10.059349060058594
13:38:04,1.9300000000000015,0.9361770523163055,9.888511657714844
13:38:04,1.9400000000000015,0.9326150140221999,9.901616096496582
13:38:04,1.9500000000000015,0.9289597150038688,10.109637260437012
13:38:04,1.9600000000000015,0.9252115207881677,10.109637260437012
13:38:04,1.9700000000000015,0.9213708061913948,10.107505798339844
13:38:04,1.9800000000000015,0.9174379552818093,9.987667083740234
13:38:04,1.9900000000000015,0.9134133613412245,9.893879890441895
13:38:04,2.0000000000000013,0.9092974268256812,9.902010917663574
13:38:04,2.010000000000001,0.9050905633252004,10.109637260437012
13:38:04,2.020000000000001,0.9007931915226269,10.109637260437012
13:38:04,2.0300000000000007,0.8964057411515596,10.088479995727539
13:38:04,2.0400000000000005,0.8919286509533794,10.068507194519043
13:38:04,2.0500000000000003,0.8873623686333753,9.906352996826172
13:38:04,2.06,0.8827073508159741,9.89024829864502
13:38:04,2.07,0.8779640629990781,10.109637260437012
13:38:04,2.0799999999999996,0.8731329795075167,10.109637260437012
13:38:04,2.0899999999999994,0.8682145834456129,10.109637260437012
13:38:04,2.099999999999999,0.8632093666488742,10.087769508361816
13:38:04,2.109999999999999,0.8581178296348094,9.91543197631836
13:38:04,2.1199999999999988,0.8529404815528769,9.891748428344727
13:38:04,2.1299999999999986,0.8476778401335705,10.109637260437012
13:38:04,2.1399999999999983,0.8423304316366467,10.109637260437012
13:38:04,2.149999999999998,0.8368987907984987,10.109637260437012
13:38:04,2.159999999999998,0.8313834607786844,10.088321685791016
13:38:04,2.1699999999999977,0.8257849931056094,9.900510787963867
13:38:04,2.1799999999999975,0.8201039476213756,9.89245891571045
13:38:04,2.1899999999999973,0.8143408924257974,10.109637260437012
13:38:04,2.199999999999997,0.8084964038195919,10.109637260437012
13:38:04,2.209999999999997,0.8025710662467491,10.109637260437012
13:38:04,2.2199999999999966,0.7965654722360886,10.10395336151123
13:38:04,2.2299999999999964,0.790480222342007,9.967535972595215
13:38:04,2.239999999999996,0.7843159250844224,9.91132640838623
13:38:04,2.249999999999996,0.7780731968879238,10.109637260437012
13:38:04,2.259999999999996,0.7717526620201285,10.109637260437012
13:38:04,2.2699999999999956,0.7653549525292563,10.109637260437012
13:38:04,2.2799999999999954,0.7588807081809249,10.109085083007812
13:38:04,2.289999999999995,0.7523305763941739,10.055954933166504
13:38:04,2.299999999999995,0.7457052121767236,9.938484191894531
13:38:04,2.3099999999999947,0.7390052780594745,10.109637260437012
13:38:04,2.3199999999999945,0.7322314440302551,10.109637260437012
13:38:04,2.3299999999999943,0.7253843874668235,10.109637260437012
13:38:04,2.339999999999994,0.7184647930691302,10.109637260437012
13:38:04,2.349999999999994,0.7114733527908488,10.05295467376709
13:38:04,2.3599999999999937,0.7044107657701806,9.98466682434082
13:38:04,2.3699999999999934,0.6972777382599425,9.884090423583984
13:38:04,2.3799999999999932,0.6900749835569412,10.109637260437012
13:38:04,2.389999999999993,0.6828032219306449,10.109637260437012
13:38:04,2.399999999999993,0.6754631805511562,10.109637260437012
13:38:05,2.4099999999999926,0.6680555934164966,10.109637260437012
13:38:05,2.4199999999999924,0.6605812012792064,10.109637260437012
13:38:05,2.429999999999992,0.6530407515722708,10.109637260437012
13:38:05,2.439999999999992,0.6454349983343768,10.109637260437012
13:38:05,2.4499999999999917,0.6377647021345101,10.109637260437012
13:38:05,2.4599999999999915,0.6300306299958988,10.109637260437012
13:38:05,2.4699999999999913,0.6222335553193116,10.100321769714355
13:38:05,2.479999999999991,0.6143742578057187,10.052480697631836
13:38:05,2.489999999999991,0.6064535233783221,10.109637260437012
13:38:05,2.4999999999999907,0.598472144103964,10.109637260437012
13:38:05,2.5099999999999905,0.5904309181139206,10.109637260437012
13:38:05,2.5199999999999902,0.5823306495240899,10.109637260437012
13:38:05,2.52999999999999,0.5741721483545806,10.109637260437012
13:38:05,2.53999999999999,0.5659562304487111,10.046244621276855
13:38:05,2.5499999999999896,0.5576837173914255,10.109637260437012
13:38:05,2.5599999999999894,0.5493554364271356,10.109637260437012
13:38:05,2.569999999999989,0.5409722203769975,10.109637260437012
13:38:05,2.579999999999989,0.5325349075556305,10.109637260437012
13:38:05,2.5899999999999888,0.5240443416872855,10.062506675720215
13:38:05,2.5999999999999885,0.515501371821474,10.109637260437012
13:38:05,2.6099999999999883,0.5069068522480634,10.109637260437012
13:38:05,2.619999999999988,0.49826164241184895,10.109637260437012
13:38:05,2.629999999999988,0.48956660682660996,10.109637260437012
13:38:05,2.6399999999999877,0.48082261498865914,10.109637260437012
13:38:05,2.6499999999999875,0.47203054128989363,10.109637260437012
13:38:05,2.6599999999999873,0.46319126493035656,10.109637260437012
13:38:05,2.669999999999987,0.45430566983031795,10.109637260437012
13:38:05,2.679999999999987,0.4453746445418831,10.109637260437012
13:38:05,2.6899999999999866,0.4363990821601383,10.109637260437012
13:38:05,2.6999999999999864,0.4273798802338422,10.109637260437012
13:38:05,2.709999999999986,0.41831794067567146,10.10837459564209
13:38:05,2.719999999999986,0.4092141696720303,10.109637260437012
13:38:05,2.7299999999999858,0.40006947759243255,10.109637260437012
13:38:05,2.7399999999999856,0.3908847788984657,10.109637260437012
13:38:05,2.7499999999999853,0.38166099205234527,10.109637260437012
13:38:05,2.759999999999985,0.3723990394250693,10.10869026184082
13:38:05,2.769999999999985,0.36309984720418237,10.109637260437012
13:38:05,2.7799999999999847,0.35376434530115725,10.109637260437012
13:38:05,2.7899999999999845,0.3443934672584046,10.109637260437012
13:38:05,2.7999999999999843,0.3349881501559197,10.109637260437012
13:38:05,2.809999999999984,0.3255493345175751,10.109637260437012
13:38:05,2.819999999999984,0.31607796421706896,10.10924243927002
13:38:05,2.8299999999999836,0.3065749863835386,10.109637260437012
13:38:05,2.8399999999999834,0.2970413513068481,10.109637260437012
13:38:05,2.849999999999983,0.28747801234256054,10.109637260437012
13:38:05,2.859999999999983,0.277885925816603,10.109637260437012
13:38:05,2.869999999999983,0.2682660509296346,10.109637260437012
13:38:05,2.8799999999999826,0.25861934966112754,10.10332202911377
13:38:05,2.8899999999999824,0.24894678667316977,10.109637260437012
13:38:05,2.899999999999982,0.23924932921399966,10.109637260437012
13:38:05,2.909999999999982,0.22952794702128193,10.109637260437012
13:38:05,2.9199999999999817,0.2197836122251347,10.109637260437012
13:38:05,2.9299999999999815,0.2100172992509174,10.109637260437012
13:38:05,2.9399999999999813,0.2002299847217888,10.104900360107422
13:38:05,2.949999999999981,0.1904226473610458,10.109637260437012
13:38:05,2.959999999999981,0.1805962678942517,10.109637260437012
13:38:05,2.9699999999999807,0.17075182895116459,10.109637260437012
13:38:05,2.9799999999999804,0.16089031496747505,10.109637260437012
13:38:06,2.9899999999999802,0.1510127120863636,10.109637260437012
13:38:06,2.99999999999998,0.141120008059887,10.109637260437012
13:38:06,3.00999999999998,0.13121319215020405,10.109637260437012
13:38:06,3.0199999999999796,0.12129325503065003,10.109637260437012
13:38:06,3.0299999999999794,0.11136118868667032,10.109637260437012
13:38:06,3.039999999999979,0.10141798631662263,10.109637260437012
13:38:06,3.049999999999979,0.09146464223245798,10.109637260437012
13:38:06,3.0599999999999787,0.08150215176029037,10.101032257080078
13:38:06,3.0699999999999785,0.07153151114086496,10.109637260437012
13:38:06,3.0799999999999783,0.061553717429934866,10.109637260437012
13:38:06,3.089999999999978,0.05156976839855636,10.109637260437012
13:38:06,3.099999999999978,0.041580662433312675,10.109637260437012
13:38:06,3.1099999999999777,0.031587398436476094,9.890169143676758
13:38:06,3.1199999999999775,0.0215909757261186,10.109637260437012
13:38:06,3.1299999999999772,0.011592393936180922,10.109637260437012
13:38:06,3.139999999999977,0.0015926529165099209,10.109637260437012
13:38:06,3.149999999999977,-0.008407247367125526,10.109637260437012
13:38:06,3.1599999999999766,-0.018406306933030275,10.109637260437012
13:38:06,3.1699999999999764,-0.02840352588358026,10.109637260437012
13:38:06,3.179999999999976,-0.03839790450521142,10.109637260437012
13:38:06,3.189999999999976,-0.0483884433683902,10.109637260437012
13:38:06,3.1999999999999758,-0.0583741434275557,10.109637260437012
13:38:06,3.2099999999999755,-0.06835400612102341,10.109637260437012
13:38:06,3.2199999999999753,-0.07832703347084051,10.109637260437012
13:38:06,3.229999999999975,-0.08829222818258282,10.109637260437012
13:38:06,3.239999999999975,-0.09824859374508349,10.109637260437012
13:38:06,3.2499999999999747,-0.10819513453008321,10.109637260437012
13:38:06,3.2599999999999745,-0.11813085589179223,10.109637260437012
13:38:06,3.2699999999999743,-0.12805476426635412,10.109637260437012
13:38:06,3.279999999999974,-0.13796586727120133,10.109637260437012
13:38:06,3.289999999999974,-0.1478631738042926,10.109637260437012
13:38:06,3.2999999999999736,-0.15774569414322234,10.109637260437012
13:38:06,3.3099999999999734,-0.16761244004419204,10.109637260437012
13:38:06,3.319999999999973,-0.1774624248408339,10.109637260437012
13:38:06,3.329999999999973,-0.18729466354287658,10.109637260437012
13:38:06,3.3399999999999728,-0.1971081729346433,10.109637260437012
13:38:06,3.3499999999999726,-0.20690197167337282,10.109637260437012
13:38:06,3.3599999999999723,-0.21667508038735275,10.109637260437012
13:38:06,3.369999999999972,-0.2264265217738559,10.109637260437012
13:38:06,3.379999999999972,-0.2361553206968698,10.109637260437012
13:38:06,3.3899999999999717,-0.24586050428460948,10.109637260437012
13:38:06,3.3999999999999715,-0.25554110202680375,10.109637260437012
13:38:06,3.4099999999999713,-0.26519614587174556,10.109637260437012
13:38:06,3.419999999999971,-0.27482467032309627,10.109637260437012
13:38:06,3.429999999999971,-0.28442571253643445,10.109637260437012
13:38:06,3.4399999999999706,-0.2939983124155396,10.109637260437012
13:38:06,3.4499999999999704,-0.30354151270840096,10.109637260437012
13:38:06,3.45999999999997,-0.31305435910294194,10.109637260437012
13:38:06,3.46999999999997,-0.3225359003224504,10.109637260437012
13:38:06,3.47999999999997,-0.3319851882207056,10.109637260437012
13:38:06,3.4899999999999696,-0.34140127787679214,10.109637260437012
13:38:06,3.4999999999999694,-0.35078322768959114,10.109637260437012
13:38:06,3.509999999999969,-0.3601300994719396,10.109637260437012
13:38:06,3.519999999999969,-0.3694409585444482,10.109637260437012
13:38:06,3.5299999999999687,-0.37871487382896885,10.109637260437012
13:38:06,3.5399999999999685,-0.3879509179417012,10.109637260437012
13:38:06,3.5499999999999683,-0.39714816728593083,10.109637260437012
13:38:06,3.559999999999968,-0.40630570214438755,10.109637260437012
13:38:06,3.569999999999968,-0.4154226067712168,10.109637260437012
13:38:07,3.5799999999999677,-0.42449796948355323,10.109637260437012
13:38:07,3.5899999999999674,-0.4335308827526885,10.109637260437012
13:38:07,3.5999999999999672,-0.442520443294823,10.109637260437012
13:38:07,3.609999999999967,-0.45146575216139384,10.109637260437012
13:38:07,3.619999999999967,-0.4603659148289687,10.109637260437012
13:38:07,3.6299999999999666,-0.4692200412886977,10.109637260437012
13:38:07,3.6399999999999664,-0.4780272461353132,10.109637260437012
13:38:07,3.649999999999966,-0.4867866486556699,10.109637260437012
13:38:07,3.659999999999966,-0.4954973729168152,10.109637260437012
13:38:07,3.6699999999999657,-0.5041585478535819,10.109637260437012
13:38:07,3.6799999999999655,-0.512769307355694,10.109637260437012
13:38:07,3.6899999999999653,-0.521328790354377,10.109637260437012
13:38:07,3.699999999999965,-0.5298361409084636,10.109637260437012
13:38:07,3.709999999999965,-0.538290508289988,10.109637260437012
13:38:07,3.7199999999999647,-0.5466910470692574,10.109637260437012
13:38:07,3.7299999999999645,-0.5550369171993943,10.109637260437012
13:38:07,3.7399999999999642,-0.5633272841003404,10.109637260437012
13:38:07,3.749999999999964,-0.5715613187423143,10.109637260437012
13:38:07,3.759999999999964,-0.5797381977287135,10.109637260437012
13:38:07,3.7699999999999636,-0.5878571033784533,10.109637260437012
13:38:07,3.7799999999999634,-0.5959172238077346,10.109637260437012
13:38:07,3.789999999999963,-0.6039177530112312,10.109637260437012
13:38:07,3.799999999999963,-0.6118578909426898,10.109637260437012
13:38:07,3.8099999999999627,-0.619736843594934,10.109637260437012
13:38:07,3.8199999999999625,-0.6275538230792643,10.109637260437012
13:38:07,3.8299999999999623,-0.6353080477042465,10.109637260437012
13:38:07,3.839999999999962,-0.6429987420538799,10.109637260437012
13:38:07,3.849999999999962,-0.6506251370651384,10.109637260437012
13:38:07,3.8599999999999617,-0.6581864701048762,10.109637260437012
13:38:07,3.8699999999999615,-0.6656819850460903,10.109637260437012
13:38:07,3.8799999999999613,-0.673110932343533,10.109637260437012
13:38:07,3.889999999999961,-0.6804725691086654,10.109637260437012
13:38:07,3.899999999999961,-0.6877661591839453,10.109637260437012
13:38:07,3.9099999999999606,-0.6949909732164435,10.109637260437012
13:38:07,3.9199999999999604,-0.7021462887307773,10.109637260437012
13:38:07,3.92999999999996,-0.709231390201358,10.109637260437012
13:38:07,3.93999999999996,-0.7162455691239427,10.109637260437012
13:38:07,3.9499999999999598,-0.7231881240864843,10.109637260437012
13:38:07,3.9599999999999596,-0.7300583608392719,10.109478950500488
13:38:07,3.9699999999999593,-0.7368555923643557,10.109637260437012
13:38:07,3.979999999999959,-0.7435791389442472,10.109637260437012
13:38:07,3.989999999999959,-0.7502283282298917,10.109637260437012
13:38:07,3.9999999999999587,-0.7568024953079012,10.109637260437012
13:38:07,4.009999999999959,-0.763300982767047,10.109637260437012
13:38:07,4.019999999999959,-0.7697231407639977,10.109400749206543
13:38:07,4.0299999999999585,-0.776068327088306,10.109637260437012
13:38:07,4.039999999999958,-0.7823359072266267,10.109637260437012
13:38:07,4.049999999999958,-0.7885252544261693,10.109637260437012
13:38:07,4.059999999999958,-0.7946357497573715,10.109637260437012
13:38:07,4.069999999999958,-0.8006667821757921,10.109637260437012
13:38:07,4.079999999999957,-0.8066177485832153,10.107584953308105
13:38:07,4.089999999999957,-0.8124880538879594,10.109637260437012
13:38:07,4.099999999999957,-0.8182771110643858,10.109637260437012
13:38:07,4.109999999999957,-0.8239843412116011,10.109637260437012
13:38:07,4.119999999999957,-0.8296091736113466,10.109637260437012
13:38:07,4.129999999999956,-0.8351510457850696,10.109637260437012
13:38:07,4.139999999999956,-0.840609403550171,10.028560638427734
13:38:07,4.149999999999956,-0.8459837010754228,10.108295440673828
13:38:07,4.159999999999956,-0.8512734009355513,10.042533874511719
13:38:07,4.1699999999999555,-0.8564779741649782,10.10703182220459
13:38:08,4.179999999999955,-0.861596900310718,10.109637260437012
13:38:08,4.189999999999955,-0.8666296674844217,9.911957740783691
13:38:08,4.199999999999955,-0.871575772413566,9.909589767456055
13:38:08,4.209999999999955,-0.8764347204917796,10.018692016601562
13:38:08,4.2199999999999545,-0.8812060258283039,10.109637260437012
13:38:08,4.229999999999954,-0.8858892112965813,10.109637260437012
13:38:08,4.239999999999954,-0.8904838085819675,10.109637260437012
13:38:08,4.249999999999954,-0.894989358228563,10.109637260437012
13:38:08,4.259999999999954,-0.8994054096851575,9.913457870483398
13:38:08,4.269999999999953,-0.9037315213502856,9.940141677856445
13:38:08,4.279999999999953,-0.9079672606163857,10.069217681884766
13:38:08,4.289999999999953,-0.912112203913061,10.109637260437012
13:38:08,4.299999999999953,-0.916165936749436,10.109637260437012
13:38:08,4.3099999999999525,-0.9201280537556052,10.109637260437012
13:38:08,4.319999999999952,-0.9239981587231696,9.875406265258789
13:38:08,4.329999999999952,-0.9277758646448576,9.903985023498535
13:38:08,4.339999999999952,-0.9314607937532251,10.038033485412598
13:38:08,4.349999999999952,-0.9350525775584321,10.109637260437012
13:38:08,4.3599999999999515,-0.938550856885091,10.109637260437012
13:38:08,4.369999999999951,-0.9419552819081846,10.109637260437012
13:38:08,4.379999999999951,-0.9452655121880474,9.906668663024902
13:38:08,4.389999999999951,-0.9484812167044101,9.879432678222656
13:38:08,4.399999999999951,-0.9516020738895008,9.91574764251709
13:38:08,4.40999999999995,-0.9546277716602015,10.083901405334473
13:38:08,4.41999999999995,-0.9575580074492568,10.109637260437012
13:38:08,4.42999999999995,-0.9603924882355295,10.109637260437012
13:38:08,4.43999999999995,-0.963130930573303,9.924431800842285
13:38:08,4.4499999999999496,-0.9657730606206257,9.882195472717285
13:38:08,4.459999999999949,-0.9683186141666945,9.91132640838623
13:38:08,4.469999999999949,-0.9707673366582761,10.04379653930664
13:38:08,4.479999999999949,-0.973118983225162,10.107742309570312
13:38:08,4.489999999999949,-0.9753733187046552,10.109637260437012
13:38:08,4.4999999999999485,-0.9775301176650862,9.986246109008789
13:38:08,4.509999999999948,-0.9795891644283565,9.88045883178711
13:38:08,4.519999999999948,-0.9815502530915056,9.90003776550293
13:38:08,4.529999999999948,-0.9834131875473012,9.939431190490723
13:38:08,4.539999999999948,-0.9851777815038505,10.085874557495117
13:38:08,4.549999999999947,-0.9868438585032281,10.109637260437012
13:38:08,4.559999999999947,-0.9884112519391225,9.973930358886719
13:38:08,4.569999999999947,-0.9898798050734964,9.916694641113281
13:38:08,4.579999999999947,-0.9912493710522599,9.888984680175781
13:38:08,4.589999999999947,-0.9925198129199566,9.977167129516602
13:38:08,4.599999999999946,-0.9936910036334584,10.09353256225586
13:38:08,4.609999999999946,-0.99476282607467,10.109637260437012
13:38:08,4.619999999999946,-0.9957351730622404,10.069375038146973
13:38:08,4.629999999999946,-0.9966079473622811,9.9537992477417
13:38:08,4.6399999999999455,-0.9973810616980894,9.886932373046875
13:38:08,4.649999999999945,-0.998054438758876,9.946615219116211
13:38:08,4.659999999999945,-0.998628011207496,10.007955551147461
13:38:08,4.669999999999945,-0.9991017216871825,10.109637260437012
13:38:08,4.679999999999945,-0.9994755228272822,10.10924243927002
13:38:08,4.689999999999944,-0.9997493772479927,10.034955024719238
13:38:08,4.699999999999944,-0.9999232575641002,9.888274192810059
13:38:08,4.709999999999944,-0.9999971463877179,9.914247512817383
13:38:08,4.719999999999944,-0.9999710363300249,9.965325355529785
13:38:08,4.729999999999944,-0.9998449300020054,10.095032691955566
13:38:08,4.739999999999943,-0.999618840014187,10.10837459564209
13:38:08,4.749999999999943,-0.9992927889753801,10.109637260437012
13:38:08,4.759999999999943,-0.9988668094904168,10.109637260437012
13:38:09,4.769999999999943,-0.9983409441568909,10.109637260437012
13:38:09,4.7799999999999425,-0.9977152455608972,10.109637260437012
13:38:09,4.789999999999942,-0.996989776271774,10.109637260437012
13:38:09,4.799999999999942,-0.9961646088358458,10.109637260437012
13:38:09,4.809999999999942,-0.9952398257691683,10.109637260437012
13:38:09,4.819999999999942,-0.9942155195492777,10.109637260437012
13:38:09,4.8299999999999415,-0.9930917926059423,10.109637260437012
13:38:09,4.839999999999941,-0.9918687573109201,10.109637260437012
13:38:09,4.849999999999941,-0.9905465359667213,10.109637260437012
13:38:09,4.859999999999941,-0.9891252607943786,10.10924243927002
13:38:09,4.869999999999941,-0.9876050739202247,10.025955200195312
13:38:09,4.87999999999994,-0.9859861273616802,9.887563705444336
13:38:09,4.88999999999994,-0.984268583012052,9.884880065917969
13:38:09,4.89999999999994,-0.9824526126243437,9.997298240661621
13:38:09,4.90999999999994,-0.9805383977940807,10.109637260437012
13:38:09,4.9199999999999395,-0.978526129941151,10.109637260437012
13:38:09,4.929999999999939,-0.9764160102906628,10.024297714233398
13:38:09,4.939999999999939,-0.974208249852823,9.914800643920898
13:38:09,4.949999999999939,-0.9719030694018352,9.896327018737793
13:38:09,4.959999999999939,-0.9695006994538239,9.937851905822754
13:38:09,4.9699999999999385,-0.9670013802437817,10.109637260437012
13:38:09,4.979999999999938,-0.9644053617015469,10.109637260437012
13:38:09,4.989999999999938,-0.9617129034268105,10.108452796936035
13:38:09,4.999999999999938,-0.9589242746631561,10.002035140991211
13:38:09,5.009999999999938,-0.9560397542711363,9.894826889038086
13:38:09,5.019999999999937,-0.9530596307003866,9.89277458190918
13:38:09,5.029999999999937,-0.9499842019607805,10.109637260437012
13:38:09,5.039999999999937,-0.9468137755926291,10.109637260437012
13:38:09,5.049999999999937,-0.9435486686359275,10.109637260437012
13:38:09,5.0599999999999365,-0.9401892075986501,10.008824348449707
13:38:09,5.069999999999936,-0.9367357284241014,9.896485328674316
13:38:09,5.079999999999936,-0.9331885764573206,9.895142555236816
13:38:09,5.089999999999936,-0.9295481064105487,10.109637260437012
13:38:09,5.099999999999936,-0.9258146823277567,10.109637260437012
13:38:09,5.1099999999999355,-0.9219886775482414,10.108926773071289
13:38:09,5.119999999999935,-0.9180704746692927,10.023982048034668
13:38:09,5.129999999999935,-0.9140604655079333,9.942667961120605
13:38:09,5.139999999999935,-0.9099590510617376,9.878170013427734
13:38:09,5.149999999999935,-0.9057666414687323,10.109637260437012
13:38:09,5.159999999999934,-0.9014836559663832,10.109637260437012
13:38:09,5.169999999999934,-0.8971105228496714,10.109637260437012
13:38:09,5.179999999999934,-0.8926476794282643,10.094795227050781
13:38:09,5.189999999999934,-0.8880955719827849,9.99129867553711
13:38:09,5.199999999999934,-0.8834546557201844,9.887563705444336
13:38:09,5.209999999999933,-0.8787253947282216,10.109637260437012
13:38:09,5.219999999999933,-0.8739082619290548,10.109637260437012
13:38:09,5.229999999999933,-0.8690037390319495,10.109637260437012
13:38:09,5.239999999999933,-0.8640123164851083,10.109637260437012
13:38:09,5.2499999999999325,-0.8589344934266266,9.978114128112793
13:38:09,5.259999999999932,-0.8537707776345785,9.909826278686523
13:38:09,5.269999999999932,-0.8485216854762403,10.109637260437012
13:38:09,5.279999999999932,-0.8431877418564535,10.109637260437012
13:38:09,5.289999999999932,-0.8377694801651351,10.109637260437012
13:38:09,5.299999999999931,-0.8322674422239392,10.109637260437012
13:38:09,5.309999999999931,-0.8266821782320747,10.087769508361816
13:38:09,5.319999999999931,-0.8210142467112865,9.954273223876953
13:38:09,5.329999999999931,-0.8152642144500035,10.109637260437012
13:38:09,5.339999999999931,-0.8094326564466602,10.109637260437012
13:38:09,5.34999999999993,-0.803520155852197,10.109637260437012
13:38:10,5.35999999999993,-0.7975273039117466,10.109637260437012
13:38:10,5.36999999999993,-0.7914546999055089,10.109637260437012
13:38:10,5.37999999999993,-0.785302951088824,10.109637260437012
13:38:10,5.3899999999999295,-0.7790726726314472,10.109637260437012
13:38:10,5.399999999999929,-0.7727644875560322,10.109637260437012
13:38:10,5.409999999999929,-0.76637902667583,10.109637260437012
13:38:10,5.419999999999929,-0.7599169285316072,10.109637260437012
13:38:10,5.429999999999929,-0.7533788393277933,10.109637260437012
13:38:10,5.4399999999999284,-0.7467654128678601,10.109637260437012
13:38:10,5.449999999999928,-0.7400773104889428,10.109637260437012
13:38:10,5.459999999999928,-0.7333152009957055,10.109637260437012
13:38:10,5.469999999999928,-0.7264797605934625,10.109637260437012
13:38:10,5.479999999999928,-0.719571672820558,10.109637260437012
13:38:10,5.489999999999927,-0.7125916284800126,10.09353256225586
13:38:10,5.499999999999927,-0.7055403255704435,9.926799774169922
13:38:10,5.509999999999927,-0.6984184692162657,10.109637260437012
13:38:10,5.519999999999927,-0.6912267715971797,10.109637260437012
13:38:10,5.5299999999999265,-0.6839659518769544,10.109637260437012
13:38:10,5.539999999999926,-0.6766367361315111,10.109637260437012
13:38:10,5.549999999999926,-0.6692398572763167,10.039217948913574
13:38:10,5.559999999999926,-0.6617760549930929,9.910379409790039
13:38:10,5.569999999999926,-0.6542460756558478,10.109637260437012
13:38:10,5.5799999999999255,-0.6466506722562404,10.109637260437012
13:38:10,5.589999999999925,-0.6389906043282811,10.109637260437012
13:38:10,5.599999999999925,-0.6312666378723795,10.10924243927002
13:38:10,5.609999999999925,-0.6234795452787443,10.07900619506836
13:38:10,5.619999999999925,-0.6156301052501458,9.927510261535645
13:38:10,5.629999999999924,-0.6077191027240457,10.109637260437012
13:38:10,5.639999999999924,-0.5997473287941042,10.109637260437012
13:38:10,5.649999999999924,-0.591715580631071,10.109637260437012
13:38:10,5.659999999999924,-0.5836246614030692,10.109637260437012
13:38:10,5.6699999999999235,-0.5754753801952796,10.030218124389648
13:38:10,5.679999999999923,-0.5672685519290316,9.920721054077148
13:38:10,5.689999999999923,-0.5590049972803128,10.109637260437012
13:38:10,5.699999999999923,-0.5506855425977021,10.109637260437012
13:38:10,5.709999999999923,-0.5423110198197346,10.109637260437012
13:38:10,5.7199999999999225,-0.5338822663917095,10.109637260437012
13:38:10,5.729999999999922,-0.5254001251819458,10.06305980682373
13:38:10,5.739999999999922,-0.5168654443974957,9.943220138549805
13:38:10,5.749999999999922,-0.5082790774993257,10.109637260437012
13:38:10,5.759999999999922,-0.49964188311697016,10.109637260437012
13:38:10,5.769999999999921,-0.49095472496266984,10.109637260437012
13:38:10,5.779999999999921,-0.4822184717450008,10.109321594238281
13:38:10,5.789999999999921,-0.4734339970820047,10.045217514038086
13:38:10,5.799999999999921,-0.46460217941382737,9.901931762695312
13:38:10,5.809999999999921,-0.4557239019148759,10.109637260437012
13:38:10,5.81999999999992,-0.4468000524055015,10.109637260437012
13:38:10,5.82999999999992,-0.4378315232632188,10.109637260437012
13:38:10,5.83999999999992,-0.4288192113334681,10.109637260437012
13:38:10,5.84999999999992,-0.4197640178399322,10.028797149658203
13:38:10,5.8599999999999195,-0.4106668482944145,9.8983793258667
13:38:10,5.869999999999919,-0.4015286124062887,10.109637260437012
13:38:10,5.879999999999919,-0.3923502239915282,10.109637260437012
13:38:10,5.889999999999919,-0.383132600881326,10.109637260437012
13:38:10,5.899999999999919,-0.3738766648303118,10.109637260437012
13:38:10,5.909999999999918,-0.3645833414243774,9.997455596923828
13:38:10,5.919999999999918,-0.355253559988119,9.898932456970215
13:38:10,5.929999999999918,-0.3458882534919055,10.109637260437012
13:38:10,5.939999999999918,-0.336488358458582,10.109637260437012
13:38:10,5.949999999999918,-0.3270548148698187,10.109637260437012
13:38:11,5.959999999999917,-0.31758856607211317,10.109637260437012
13:38:11,5.969999999999917,-0.3080905586824567,10.109637260437012
13:38:11,5.979999999999917,-0.2985617424936733,10.108926773071289
13:38:11,5.989999999999917,-0.28900307037944106,10.109637260437012
13:38:11,5.9999999999999165,-0.279415498199006,10.109637260437012
13:38:11,6.009999999999916,-0.26979998470159655,10.109637260437012
13:38:11,6.019999999999916,-0.2601574914305495,10.109637260437012
13:38:11,6.029999999999916,-0.2504889826271566,10.109637260437012
13:38:11,6.039999999999916,-0.24079542513424107,10.109637260437012
13:38:11,6.0499999999999154,-0.23107778829947434,10.109637260437012
13:38:11,6.059999999999915,-0.2213370438784418,10.109637260437012
13:38:11,6.069999999999915,-0.21157416593746836,10.109637260437012
13:38:11,6.079999999999915,-0.2017901307562124,10.109637260437012
13:38:11,6.089999999999915,-0.1919859167300387,10.109637260437012
13:38:11,6.099999999999914,-0.18216250427217973,10.109637260437012
13:38:11,6.109999999999914,-0.17232087571569513,10.109637260437012
13:38:11,6.119999999999914,-0.16246201521523917,10.109637260437012
13:38:11,6.129999999999914,-0.1525869086486463,10.109637260437012
13:38:11,6.1399999999999135,-0.14269654351834388,10.109637260437012
13:38:11,6.149999999999913,-0.132791908852603,10.100163459777832
13:38:11,6.159999999999913,-0.12287399510663644,9.945035934448242
13:38:11,6.169999999999913,-0.11294379406355384,10.109637260437012
13:38:11,6.179999999999913,-0.10300229873518443,10.109637260437012
13:38:11,6.1899999999999125,-0.09305050326277645,10.109637260437012
13:38:11,6.199999999999912,-0.08308940281758402,10.109637260437012
13:38:11,6.209999999999912,-0.07311999350135077,10.085795402526855
13:38:11,6.219999999999912,-0.06314327224670052,10.008193016052246
13:38:11,6.229999999999912,-0.05316023671744482,10.109637260437012
13:38:11,6.239999999999911,-0.043171885208817415,10.109637260437012
13:38:11,6.249999999999911,-0.033179216547645586,10.109637260437012
13:38:11,6.259999999999911,-0.023183229992468246,10.109637260437012
13:38:11,6.269999999999911,-0.01318492513361095,10.10671615600586
13:38:11,6.2799999999999105,-0.003185301793227696,9.999824523925781
13:38:11,6.28999999999991,0.006814640074680472,10.109637260437012
13:38:11,6.29999999999991,0.01681390048426002,10.109637260437012
13:38:11,6.30999999999991,0.02681147951780268,10.109637260437012
13:38:11,6.31999999999991,0.036806377425736385,10.109637260437012
13:38:11,6.3299999999999095,0.04679759472659939,10.109637260437012
13:38:11,6.339999999999909,0.0567841323069876,10.026823997497559
13:38:11,6.349999999999909,0.06676499152146508,10.109637260437012
13:38:11,6.359999999999909,0.0767391742924277,10.109637260437012
13:38:11,6.369999999999909,0.08670568320991019,10.109637260437012
13:38:11,6.379999999999908,0.09666352163132619,10.109637260437012
13:38:11,6.389999999999908,0.10661169378113171,10.109637260437012
13:38:11,6.399999999999908,0.1165492048504019,10.0778226852417
13:38:11,6.409999999999908,0.12647506109631107,10.109637260437012
13:38:11,6.419999999999908,0.13638826994150613,10.109637260437012
13:38:11,6.429999999999907,0.14628784007336357,10.109637260437012
13:38:11,6.439999999999907,0.1561727815431198,10.109637260437012
13:38:11,6.449999999999907,0.16604210586486526,10.109637260437012
13:38:11,6.459999999999907,0.1758948261143922,10.107979774475098
13:38:11,6.4699999999999065,0.18572995702788622,10.109637260437012
13:38:11,6.479999999999906,0.19554651510045193,10.109637260437012
13:38:11,6.489999999999906,0.20534351868446246,10.109637260437012
13:38:11,6.499999999999906,0.2151199880877236,10.109637260437012
13:38:11,6.509999999999906,0.22487494567144198,10.109637260437012
13:38:11,6.519999999999905,0.23460741594798842,10.092901229858398
13:38:11,6.529999999999905,0.24431642567844558,10.109637260437012
13:38:11,6.539999999999905,0.25400100396993125,10.109637260437012
13:38:11,6.549999999999905,0.2636601823726867,10.109637260437012
13:38:12,6.559999999999905,0.27329299497692094,10.109637260437012
13:38:12,6.569999999999904,0.282898478509401,10.109637260437012
13:38:12,6.579999999999904,0.29247567242977796,10.109637260437012
13:38:12,6.589999999999904,0.3020236190266409,10.109637260437012
13:38:12,6.599999999999904,0.3115413635132867,10.109637260437012
13:38:12,6.6099999999999035,0.32102795412319807,10.109637260437012
13:38:12,6.619999999999903,0.33048244220521955,10.109637260437012
13:38:12,6.629999999999903,0.33990388231842167,10.109637260437012
13:38:12,6.639999999999903,0.34929133232664417,10.109637260437012
13:38:12,6.649999999999903,0.35864385349270916,10.109637260437012
13:38:12,6.659999999999902,0.3679605105722938,10.109637260437012
13:38:12,6.669999999999902,0.3772403719074539,10.109637260437012
13:38:12,6.679999999999902,0.38648250951978924,10.109637260437012
13:38:12,6.689999999999902,0.39568599920324027,10.109637260437012
13:38:12,6.699999999999902,0.40484992061650815,10.109637260437012
13:38:12,6.709999999999901,0.4139733573750883,10.109637260437012
13:38:12,6.719999999999901,0.4230553971429075,10.109637260437012
13:38:12,6.729999999999901,0.4320951317235574,10.109637260437012
13:38:12,6.739999999999901,0.4410916571511131,10.109637260437012
13:38:12,6.7499999999999005,0.4500440737805288,10.109637260437012
13:38:12,6.7599999999999,0.4589514863776019,10.109637260437012
13:38:12,6.7699999999999,0.4678130042084956,10.109637260437012
13:38:12,6.7799999999999,0.47662774112881123,10.109637260437012
13:38:12,6.7899999999999,0.48539481567220255,10.109637260437012
13:38:12,6.7999999999998995,0.4941133511385209,10.109637260437012
13:38:12,6.809999999999899,0.5027824756814852,10.109637260437012
13:38:12,6.819999999999899,0.5114013223958653,10.109637260437012
13:38:12,6.829999999999899,0.5199690294041722,10.109637260437012
13:38:12,6.839999999999899,0.5284847399428448,10.109637260437012
13:38:12,6.849999999999898,0.5369476024479256,10.109637260437012
13:38:12,6.859999999999898,0.5453567706402164,10.109637260437012
13:38:12,6.869999999999898,0.5537114036099057,10.109637260437012
13:38:12,6.879999999999898,0.5620106659006585,10.109637260437012
13:38:12,6.8899999999998975,0.5702537275931621,10.109637260437012
13:38:12,6.899999999999897,0.5784397643881161,10.109637260437012
13:38:12,6.909999999999897,0.5865679576886629,10.109637260437012
13:38:12,6.919999999999897,0.5946374946822458,10.109637260437012
13:38:12,6.929999999999897,0.60264756842189,10.109637260437012
13:38:12,6.9399999999998965,0.6105973779068968,10.109637260437012
13:38:12,6.949999999999896,0.6184861281629422,10.109637260437012
13:38:12,6.959999999999896,0.6263130303215748,10.109637260437012
13:38:12,6.969999999999896,0.634077301699101,10.109637260437012
13:38:12,6.979999999999896,0.6417781658748534,10.109637260437012
13:38:12,6.989999999999895,0.6494148527688316,10.109637260437012
13:38:12,6.999999999999895,0.6569865987187101,10.109637260437012
13:38:12,7.009999999999895,0.6644926465562038,10.109637260437012
13:38:12,7.019999999999895,0.6719322456827839,10.109637260437012
13:38:12,7.0299999999998946,0.6793046521447372,10.005824089050293
13:38:12,7.039999999999894,0.6866091287075616,10.109163284301758
13:38:12,7.049999999999894,0.6938449449296875,10.109637260437012
13:38:12,7.059999999999894,0.7010113772355228,10.109637260437012
13:38:12,7.069999999999894,0.7081077089878085,10.109637260437012
13:38:12,7.0799999999998935,0.7151332305592834,10.109637260437012
13:38:12,7.089999999999893,0.7220872394036447,10.109637260437012
13:38:12,7.099999999999893,0.7289690401258029,10.109637260437012
13:38:12,7.109999999999893,0.7357779445514209,10.109637260437012
13:38:12,7.119999999999893,0.7425132717957298,10.109637260437012
13:38:12,7.129999999999892,0.7491743483316182,10.109478950500488
13:38:12,7.139999999999892,0.7557605080569834,10.004403114318848
13:38:12,7.149999999999892,0.762271092361341,10.109637260437012
13:38:13,7.159999999999892,0.7687054501916865,10.109637260437012
13:38:13,7.169999999999892,0.7750629381175985,10.109637260437012
13:38:13,7.179999999999891,0.7813429203955824,10.109637260437012
13:38:13,7.189999999999891,0.7875447690326436,10.058638572692871
13:38:13,7.199999999999891,0.7936678638490867,10.109637260437012
13:38:13,7.209999999999891,0.7997115925405326,10.109637260437012
13:38:13,7.2199999999998905,0.8056753507391485,10.109637260437012
13:38:13,7.22999999999989,0.8115585420740844,10.109637260437012
13:38:13,7.23999999999989,0.8173605782311094,9.978667259216309
13:38:13,7.24999999999989,0.8230808790114429,9.991140365600586
13:38:13,7.25999999999989,0.8287188723897737,10.109637260437012
13:38:13,7.269999999999889,0.8342739945714622,10.109637260437012
13:38:13,7.279999999999889,0.8397456900489196,10.109637260437012
13:38:13,7.289999999999889,0.8451334116571579,10.109637260437012
13:38:13,7.299999999999889,0.850436620628506,10.109637260437012
13:38:13,7.309999999999889,0.8556547866464861,9.946141242980957
13:38:13,7.319999999999888,0.8607873878988448,10.060612678527832
13:38:13,7.329999999999888,0.865833911129734,10.10869026184082
13:38:13,7.339999999999888,0.8707938516910361,10.109637260437012
13:38:13,7.349999999999888,0.8756667135928282,10.109637260437012
13:38:13,7.3599999999998875,0.8804520095529809,10.109637260437012
13:38:13,7.369999999999887,0.8851492610458859,9.895142555236816
13:38:13,7.379999999999887,0.8897579983503081,9.976140975952148
13:38:13,7.389999999999887,0.8942777605963579,10.108452796936035
13:38:13,7.399999999999887,0.8987080958115771,10.109637260437012
13:38:13,7.4099999999998865,0.903048560966136,10.109637260437012
13:38:13,7.419999999999886,0.9072987220171362,10.109637260437012
13:38:13,7.429999999999886,0.9114581539520145,9.880617141723633
13:38:13,7.439999999999886,0.9155264408310435,9.926799774169922
13:38:13,7.449999999999886,0.9195031758289256,10.106558799743652
13:38:13,7.459999999999885,0.923387961275475,10.109637260437012
13:38:13,7.469999999999885,0.9271804086953841,10.109637260437012
13:38:13,7.479999999999885,0.9308801388470714,10.109637260437012
13:38:13,7.489999999999885,0.934486781760605,9.887642860412598
13:38:13,7.4999999999998845,0.9379999767746988,9.991771697998047
13:38:13,7.509999999999884,0.9414193725727793,10.053506851196289
13:38:13,7.519999999999884,0.944744627218116,10.10900592803955
13:38:13,7.529999999999884,0.9479754081880154,10.109637260437012
13:38:13,7.539999999999884,0.951111392407073,10.109637260437012
13:38:13,7.5499999999998835,0.95415226627948,9.882511138916016
13:38:13,7.559999999999883,0.9570977257203833,9.919774055480957
13:38:13,7.569999999999883,0.9599474761862934,10.052480697631836
13:38:13,7.579999999999883,0.9627012327045383,10.104427337646484
13:38:13,7.589999999999883,0.9653587199017613,10.109637260437012
13:38:13,7.599999999999882,0.9679196720314569,10.109637260437012
13:38:13,7.609999999999882,0.9703838330005464,9.885590553283691
13:38:13,7.619999999999882,0.9727509563949864,9.92166805267334
13:38:13,7.629999999999882,0.97502080550441,9.99129867553711
13:38:13,7.6399999999998816,0.9771931533457978,10.048060417175293
13:38:13,7.649999999999881,0.9792677826861759,10.109637260437012
13:38:13,7.659999999999881,0.9812444860643391,10.109637260437012
13:38:13,7.669999999999881,0.983123065811597,9.94408893585205
13:38:13,7.679999999999881,0.9849033340715402,9.895064353942871
13:38:13,7.6899999999998805,0.9865851128188263,9.983325004577637
13:38:13,7.69999999999988,0.988168233876982,10.076085090637207
13:38:13,7.70999999999988,0.9896525389352209,10.109637260437012
13:38:13,7.71999999999988,0.9910378795642738,10.109637260437012
13:38:13,7.72999999999988,0.9923241172312325,10.109637260437012
13:38:13,7.739999999999879,0.9935111233134022,10.109637260437012
13:38:14,7.749999999999879,0.9945987791111636,10.109637260437012
13:38:14,7.759999999999879,0.9955869758598435,10.109637260437012
13:38:14,7.769999999999879,0.9964756147405904,10.109637260437012
13:38:14,7.779999999999879,0.9972646068902569,10.002192497253418
13:38:14,7.789999999999878,0.9979538734102854,9.908010482788086
13:38:14,7.799999999999878,0.9985433453745984,9.906195640563965
13:38:14,7.809999999999878,0.9990329638364905,9.993745803833008
13:38:14,7.819999999999878,0.9994226798345238,10.099374771118164
13:38:14,7.8299999999998775,0.9997124543974231,10.105531692504883
13:38:14,7.839999999999877,0.9999022585479734,10.109637260437012
13:38:14,7.849999999999877,0.9999920733059182,10.109637260437012
13:38:14,7.859999999999877,0.9999818896898564,10.109637260437012
13:38:14,7.869999999999877,0.9998717087181409,10.109637260437012
13:38:14,7.879999999999876,0.9996615414087774,10.109637260437012
13:38:14,7.889999999999876,0.9993514087783214,10.109637260437012
13:38:14,7.899999999999876,0.9989413418397778,9.94566822052002
13:38:14,7.909999999999876,0.9984313815994984,10.109637260437012
13:38:14,7.919999999999876,0.9978215790530826,10.109637260437012
13:38:14,7.929999999999875,0.9971119951802765,10.109637260437012
13:38:14,7.939999999999875,0.9963027009388764,10.109637260437012
13:38:14,7.949999999999875,0.9953937772576319,10.109637260437012
13:38:14,7.959999999999875,0.9943853150281536,10.059428215026855
13:38:14,7.9699999999998745,0.9932774150958242,9.96224594116211
13:38:14,7.979999999999874,0.9920701882497137,9.883933067321777
13:38:14,7.989999999999874,0.9907637552115006,9.903511047363281
13:38:14,7.999999999999874,0.9893582466234001,10.025481224060059
13:38:14,8.009999999999874,0.9878538030350997,10.109637260437012
13:38:14,8.019999999999873,0.9862505748897046,10.105453491210938
13:38:14,8.029999999999873,0.9845487225086932,10.002823829650879
13:38:14,8.039999999999873,0.9827484160758855,9.884485244750977
13:38:14,8.049999999999873,0.9808498356204245,9.889222145080566
13:38:14,8.059999999999873,0.9788531709987736,9.948746681213379
13:38:14,8.069999999999872,0.976758621875731,10.109637260437012
13:38:14,8.079999999999872,0.9745663977044637,10.109637260437012
13:38:14,8.089999999999872,0.9722767177055619,10.069690704345703
13:38:14,8.099999999999872,0.9698898108451175,9.916694641113281
13:38:14,8.109999999999872,0.9674059158118273,9.876354217529297
13:38:14,8.119999999999871,0.9648252809931249,9.91069507598877
13:38:14,8.129999999999871,0.9621481644503417,10.109637260437012
13:38:14,8.139999999999871,0.9593748338929008,10.109637260437012
13:38:14,8.14999999999987,0.956505566651547,10.107900619506836
13:38:14,8.15999999999987,0.9535406496506132,9.976061820983887
13:38:14,8.16999999999987,0.9504803793793292,9.886064529418945
13:38:14,8.17999999999987,0.9473250618621715,9.906116485595703
13:38:14,8.18999999999987,0.9440750126282624,10.109637260437012
13:38:14,8.19999999999987,0.9407305566798171,10.109637260437012
13:38:14,8.20999999999987,0.9372920284596434,10.109637260437012
13:38:14,8.21999999999987,0.9337597718176978,9.946773529052734
13:38:14,8.229999999999869,0.9301341399767009,9.883933067321777
13:38:14,8.239999999999869,0.9264154954968156,9.892538070678711
13:38:14,8.249999999999869,0.922604210239391,10.109637260437012
13:38:14,8.259999999999868,0.9187006653297767,10.108057975769043
13:38:14,8.269999999999868,0.9147052511192107,10.060690879821777
13:38:14,8.279999999999868,0.9106183671457847,9.939115524291992
13:38:14,8.289999999999868,0.9064404220944903,9.880853652954102
13:38:14,8.299999999999867,0.9021718337563508,9.911879539489746
13:38:14,8.309999999999867,0.8978130289866431,10.109637260437012
13:38:14,8.319999999999867,0.8933644436622118,10.109637260437012
13:38:15,8.329999999999867,0.8888265226378821,10.109637260437012
13:38:15,8.339999999999867,0.884199719701975,10.109637260437012
13:38:15,8.349999999999866,0.8794844975309283,10.045849800109863
13:38:15,8.359999999999866,0.8746813276430297,9.921431541442871
13:38:15,8.369999999999866,0.8697906903512657,10.109637260437012
13:38:15,8.379999999999866,0.8648130747152896,10.109637260437012
13:38:15,8.389999999999866,0.8597489784925172,10.105216026306152
13:38:15,8.399999999999865,0.8545989080883506,9.906826972961426
13:38:15,8.409999999999865,0.8493633785055386,9.889853477478027
13:38:15,8.419999999999865,0.8440429132926764,9.924352645874023
13:38:15,8.429999999999865,0.8386380444918518,10.109637260437012
13:38:15,8.439999999999864,0.8331493125854407,10.109637260437012
13:38:15,8.449999999999864,0.8275772664420598,10.083269119262695
13:38:15,8.459999999999864,0.8219224632616801,10.109637260437012
13:38:15,8.469999999999864,0.8161854685199074,10.109637260437012
13:38:15,8.479999999999864,0.810366855911435,9.99666690826416
13:38:15,8.489999999999863,0.8044672072926748,10.109637260437012
13:38:15,8.499999999999863,0.7984871126235726,10.109637260437012
13:38:15,8.509999999999863,0.7924271699086117,10.10647964477539
13:38:15,8.519999999999863,0.7862879851370137,9.987034797668457
13:38:15,8.529999999999863,0.7800701722221399,9.890643119812012
13:38:15,8.539999999999862,0.7737743529401001,9.894432067871094
13:38:15,8.549999999999862,0.7674011568675762,10.109637260437012
13:38:15,8.559999999999862,0.7609512213188643,10.109637260437012
13:38:15,8.569999999999862,0.7544251912821444,10.107505798339844
13:38:15,8.579999999999862,0.7478237193549818,10.09858512878418
13:38:15,8.589999999999861,0.7411474656790682,9.902010917663574
13:38:15,8.599999999999861,0.7343970978742074,9.881800651550293
13:38:15,8.60999999999986,0.7275732909715548,10.109637260437012
13:38:15,8.61999999999986,0.7206767273461141,10.109637260437012
13:38:15,8.62999999999986,0.7137080966485007,10.109637260437012
13:38:15,8.63999999999986,0.7066680957359772,10.046481132507324
13:38:15,8.64999999999986,0.6995574286027683,9.9513521194458
13:38:15,8.65999999999986,0.6923768063096617,9.875880241394043
13:38:15,8.66999999999986,0.6851269469129029,10.109637260437012
13:38:15,8.67999999999986,0.6778085753923899,10.109637260437012
13:38:15,8.68999999999986,0.6704224235791764,10.109637260437012
13:38:15,8.699999999999859,0.6629692300822884,10.091242790222168
13:38:15,8.709999999999859,0.6554497402148647,10.01071834564209
13:38:15,8.719999999999859,0.6478647059196259,9.884880065917969
13:38:15,8.729999999999858,0.6402148856936805,10.109637260437012
13:38:15,8.739999999999858,0.6325010445126763,10.109637260437012
13:38:15,8.749999999999858,0.6247239537543033,10.109637260437012
13:38:15,8.759999999999858,0.6168843911211566,10.109637260437012
13:38:15,8.769999999999857,0.6089831405629662,10.044191360473633
13:38:15,8.779999999999857,0.6010209921982039,9.911721229553223
13:38:15,8.789999999999857,0.5929987422350709,10.109637260437012
13:38:15,8.799999999999857,0.5849171928918784,10.109637260437012
13:38:15,8.809999999999857,0.576777152316826,10.109637260437012
13:38:15,8.819999999999856,0.5685794345071881,10.109637260437012
13:38:15,8.829999999999856,0.5603248592279139,10.104663848876953
13:38:15,8.839999999999856,0.5520142519296528,10.018455505371094
13:38:15,8.849999999999856,0.5436484436662091,10.109637260437012
13:38:15,8.859999999999856,0.5352282710114377,10.109637260437012
13:38:15,8.869999999999855,0.5267545759755872,10.109637260437012
13:38:15,8.879999999999855,0.5182282059210997,10.109637260437012
13:38:15,8.889999999999855,0.5096500134778756,10.102216720581055
13:38:15,8.899999999999855,0.5010208564580108,9.934378623962402
13:38:15,8.909999999999854,0.49234159777001596,10.109637260437012
13:38:15,8.919999999999854,0.4836131053325275,10.109637260437012
13:38:16,8.929999999999854,0.47483625198751533,10.109637260437012
13:38:16,8.939999999999854,0.466011915413,10.109637260437012
13:38:16,8.949999999999854,0.45714097803528536,10.109637260437012
13:38:16,8.959999999999853,0.44822432694071673,10.109637260437012
13:38:16,8.969999999999853,0.439262853786973,10.109637260437012
13:38:16,8.979999999999853,0.4302574547139018,10.109637260437012
13:38:16,8.989999999999853,0.4212090302539059,10.109637260437012
13:38:16,8.999999999999853,0.41211848524189093,10.109637260437012
13:38:16,9.009999999999852,0.4029867287247827,10.109637260437012
13:38:16,9.019999999999852,0.39381467387062313,10.071427345275879
13:38:16,9.029999999999852,0.3846032378772543,10.109637260437012
13:38:16,9.039999999999852,0.37535334188059943,10.109637260437012
13:38:16,9.049999999999851,0.36606591086254986,10.109637260437012
13:38:16,9.059999999999851,0.356741873558468,10.109637260437012
13:38:16,9.069999999999851,0.34738216236431413,10.109637260437012
13:38:16,9.07999999999985,0.33798771324340804,10.109637260437012
13:38:16,9.08999999999985,0.3285594656328331,10.109637260437012
13:38:16,9.09999999999985,0.3190983623494935,10.109637260437012
13:38:16,9.10999999999985,0.3096053494958334,10.109637260437012
13:38:16,9.11999999999985,0.3000813763652273,10.109637260437012
13:38:16,9.12999999999985,0.29052739534705163,10.109637260437012
13:38:16,9.13999999999985,0.28094436183144667,10.109637260437012
13:38:16,9.14999999999985,0.2713332341137781,10.109637260437012
13:38:16,9.15999999999985,0.2616949732988083,10.109637260437012
13:38:16,9.169999999999849,0.2520305432045872,10.109637260437012
13:38:16,9.179999999999849,0.24234091026607027,10.109637260437012
13:38:16,9.189999999999849,0.23262704343847687,10.109637260437012
13:38:16,9.199999999999848,0.22288991410039485,10.109637260437012
13:38:16,9.209999999999848,0.21313049595664374,10.109637260437012
13:38:16,9.219999999999848,0.20334976494090515,10.109637260437012
13:38:16,9.229999999999848,0.19354869911813002,10.109637260437012
13:38:16,9.239999999999847,0.18372827858673316,10.109637260437012
13:38:16,9.249999999999847,0.173889485380584,10.109637260437012
13:38:16,9.259999999999847,0.16403330337080418,10.109637260437012
13:38:16,9.269999999999847,0.15416071816738128,10.109637260437012
13:38:16,9.279999999999847,0.14427271702060845,10.109637260437012
13:38:16,9.289999999999846,0.13437028872236043,10.109637260437012
13:38:16,9.299999999999846,0.12445442350721504,10.109637260437012
13:38:16,9.309999999999846,0.11452611295343061,10.109637260437012
13:38:16,9.319999999999846,0.10458634988378895,10.109637260437012
13:38:16,9.329999999999846,0.0946361282663139,10.109637260437012
13:38:16,9.339999999999845,0.0846764431148754,10.109637260437012
13:38:16,9.349999999999845,0.07470829038968889,10.109637260437012
13:38:16,9.359999999999845,0.06473266689772011,10.109637260437012
13:38:16,9.369999999999845,0.05475057019300526,10.109637260437012
13:38:16,9.379999999999844,0.044762998476896444,10.109637260437012
13:38:16,9.389999999999844,0.0347709504982423,10.109637260437012
13:38:16,9.399999999999844,0.02477542545351404,10.109637260437012
13:38:16,9.409999999999844,0.014777422886886538,10.109637260437012
13:38:16,9.419999999999844,0.004777942590284829,10.109637260437012
13:38:16,9.429999999999843,-0.005222015496594303,10.109637260437012
13:38:16,9.439999999999843,-0.015221451386275441,10.109637260437012
13:38:16,9.449999999999843,-0.025219365143502454,10.109637260437012
13:38:16,9.459999999999843,-0.03521475698523118,10.109637260437012
13:38:16,9.469999999999843,-0.04520662738060692,10.109637260437012
13:38:16,9.479999999999842,-0.05519397715091666,10.109637260437012
13:38:16,9.489999999999842,-0.06517580756950614,10.109637260437012
13:38:16,9.499999999999842,-0.07515112046165166,10.109637260437012
13:38:16,9.509999999999842,-0.08511891830437673,10.109637260437012
13:38:16,9.519999999999841,-0.09507820432620358,10.109637260437012
13:38:17,9.529999999999841,-0.10502798260682937,10.109637260437012
13:38:17,9.539999999999841,-0.1149672581767175,10.109637260437012
13:38:17,9.54999999999984,-0.1248950371165937,10.109637260437012
13:38:17,9.55999999999984,-0.1348103266568371,10.109637260437012
13:38:17,9.56999999999984,-0.14471213527675636,10.109163284301758
13:38:17,9.57999999999984,-0.15459947280374098,10.109637260437012
13:38:17,9.58999999999984,-0.1644713505122777,10.109637260437012
13:38:17,9.59999999999984,-0.17432678122282222,10.109637260437012
13:38:17,9.60999999999984,-0.18416477940051626,10.109637260437012
13:38:17,9.61999999999984,-0.1939843612537404,10.109637260437012
13:38:17,9.62999999999984,-0.20378454483249228,10.024534225463867
13:38:17,9.639999999999839,-0.21356435012658076,10.109637260437012
13:38:17,9.649999999999839,-0.22332279916362632,10.109637260437012
13:38:17,9.659999999999838,-0.2330589161068572,10.109637260437012
13:38:17,9.669999999999838,-0.24277172735269253,10.109637260437012
13:38:17,9.679999999999838,-0.2524602616281017,9.920326232910156
13:38:17,9.689999999999838,-0.26212355008773086,9.953720092773438
13:38:17,9.699999999999838,-0.27176062641078685,10.103006362915039
13:38:17,9.709999999999837,-0.2813705268976682,10.109637260437012
13:38:17,9.719999999999837,-0.2909522905663345,10.109637260437012
13:38:17,9.729999999999837,-0.3005049592484035,10.109637260437012
13:38:17,9.739999999999837,-0.31002757768496764,10.109637260437012
13:38:17,9.749999999999837,-0.3195191936221188,9.901537895202637
13:38:17,9.759999999999836,-0.3289788579061728,9.959641456604004
13:38:17,9.769999999999836,-0.33840562457858436,10.102927207946777
13:38:17,9.779999999999836,-0.34779855097054174,10.109637260437012
13:38:17,9.789999999999836,-0.3571566977972333,10.109637260437012
13:38:17,9.799999999999836,-0.3664791292517747,10.109637260437012
13:38:17,9.809999999999835,-0.3757649130987892,9.891510963439941
13:38:17,9.819999999999835,-0.38501312076763017,9.95411491394043
13:38:17,9.829999999999835,-0.3942228274452376,10.085795402526855
13:38:17,9.839999999999835,-0.40339311216861845,10.099611282348633
13:38:17,9.849999999999834,-0.4125230579169422,10.109637260437012
13:38:17,9.859999999999834,-0.4216117517032424,10.109637260437012
13:38:17,9.869999999999834,-0.43065828466571415,9.884800910949707
13:38:17,9.879999999999834,-0.4396617521586001,9.932799339294434
13:38:17,9.889999999999834,-0.4486212538426537,10.01545524597168
13:38:17,9.899999999999833,-0.4575358937751729,10.109637260437012
13:38:17,9.909999999999833,-0.46640478049959316,10.109637260437012
13:38:17,9.919999999999833,-0.4752270271346329,10.109637260437012
13:38:17,9.929999999999833,-0.4840017514629803,9.888590812683105
13:38:17,9.939999999999833,-0.4927280760195149,9.910615921020508
13:38:17,9.949999999999832,-0.5014051281790529,9.972430229187012
13:38:17,9.959999999999832,-0.5100320402436093,10.103400230407715
13:38:17,9.969999999999832,-0.5186079495291664,10.109637260437012
13:38:17,9.979999999999832,-0.5271319984519426,10.109637260437012
13:38:17,9.989999999999831,-0.5356033346141488,9.88716983795166
13:38:17,9.999999999999831,-0.5440211108892282,9.882195472717285
