actual time,relative time,value
13:34:06,1,-3.67E-16
13:34:06,2,-0.009999833
13:34:06,3,-0.019998667
13:34:06,4,-0.0299955
13:34:06,5,-0.039989334
13:34:06,6,-0.049979169
13:34:06,7,-0.059964006
13:34:06,8,-0.069942847
13:34:06,9,-0.079914694
13:34:06,10,-0.089878549
13:34:06,11,-0.099833417
13:34:06,12,-0.109778301
13:34:06,13,-0.119712207
13:34:06,14,-0.129634143
13:34:06,15,-0.139543115
13:34:06,16,-0.149438132
13:34:06,17,-0.159318207
13:34:06,18,-0.169182349
13:34:06,19,-0.179029573
13:34:06,20,-0.188858895
13:34:06,21,-0.198669331
13:34:06,22,-0.2084599
13:34:06,23,-0.218229623
13:34:06,24,-0.227977524
13:34:06,25,-0.237702626
13:34:06,26,-0.247403959
13:34:06,27,-0.257080552
13:34:06,28,-0.266731437
13:34:06,29,-0.276355649
13:34:06,30,-0.285952225
13:34:06,31,-0.295520207
13:34:06,32,-0.305058636
13:34:06,33,-0.314566561
13:34:06,34,-0.324043028
13:34:06,35,-0.333487092
13:34:06,36,-0.342897807
13:34:06,37,-0.352274233
13:34:06,38,-0.361615432
13:34:06,39,-0.370920469
13:34:06,40,-0.380188415
13:34:06,41,-0.389418342
13:34:06,42,-0.398609328
13:34:06,43,-0.407760453
13:34:06,44,-0.416870802
13:34:06,45,-0.425939465
13:34:06,46,-0.434965534
13:34:06,47,-0.443948107
13:34:06,48,-0.452886285
13:34:06,49,-0.461779176
13:34:06,50,-0.470625888
13:34:06,51,-0.479425539
13:34:06,52,-0.488177247
13:34:06,53,-0.496880138
13:34:06,54,-0.505533341
13:34:06,55,-0.514135992
13:34:06,56,-0.522687229
13:34:06,57,-0.531186198
13:34:06,58,-0.539632049
13:34:06,59,-0.548023937
13:34:06,60,-0.556361023
13:34:06,61,-0.564642473
13:34:06,62,-0.57286746
13:34:06,63,-0.581035161
13:34:06,64,-0.589144758
13:34:06,65,-0.597195441
13:34:06,66,-0.605186406
13:34:06,67,-0.613116852
13:34:06,68,-0.620985987
13:34:06,69,-0.628793024
13:34:06,70,-0.636537182
13:34:06,71,-0.644217687
13:34:06,72,-0.651833771
13:34:06,73,-0.659384672
13:34:06,74,-0.666869635
13:34:06,75,-0.674287912
13:34:06,76,-0.68163876
13:34:06,77,-0.688921445
13:34:06,78,-0.696135239
13:34:06,79,-0.703279419
13:34:06,80,-0.710353272
13:34:06,81,-0.717356091
13:34:06,82,-0.724287174
13:34:06,83,-0.73114583
13:34:06,84,-0.737931371
13:34:06,85,-0.74464312
13:34:06,86,-0.751280405
13:34:06,87,-0.757842563
13:34:06,88,-0.764328937
13:34:06,89,-0.770738879
13:34:06,90,-0.777071748
13:34:06,91,-0.78332691
13:34:06,92,-0.78950374
13:34:06,93,-0.79560162
13:34:06,94,-0.801619941
13:34:06,95,-0.8075581
13:34:06,96,-0.813415505
13:34:06,97,-0.819191568
13:34:06,98,-0.824885713
13:34:06,99,-0.83049737
13:34:06,100,-0.836025979
13:34:06,101,-0.841470985
13:34:06,102,-0.846831845
13:34:06,103,-0.852108022
13:34:06,104,-0.857298989
13:34:06,105,-0.862404227
13:34:06,106,-0.867423226
13:34:06,107,-0.872355482
13:34:06,108,-0.877200504
13:34:06,109,-0.881957807
13:34:06,110,-0.886626914
13:34:06,111,-0.89120736
13:34:06,112,-0.895698686
13:34:06,113,-0.900100442
13:34:06,114,-0.904412189
13:34:06,115,-0.908633496
13:34:06,116,-0.91276394
13:34:06,117,-0.916803109
13:34:06,118,-0.920750598
13:34:06,119,-0.924606012
13:34:06,120,-0.928368967
13:34:06,121,-0.932039086
13:34:06,122,-0.935616002
13:34:06,123,-0.939099356
13:34:06,124,-0.942488802
13:34:06,125,-0.945783999
13:34:06,126,-0.948984619
13:34:06,127,-0.952090342
13:34:06,128,-0.955100856
13:34:06,129,-0.95801586
13:34:06,130,-0.960835064
13:34:06,131,-0.963558185
13:34:06,132,-0.966184952
13:34:06,133,-0.9687151
13:34:06,134,-0.971148378
13:34:06,135,-0.973484542
13:34:06,136,-0.975723358
13:34:06,137,-0.977864602
13:34:06,138,-0.979908061
13:34:06,139,-0.98185353
13:34:06,140,-0.983700815
13:34:06,141,-0.98544973
13:34:06,142,-0.987100101
13:34:06,143,-0.988651763
13:34:06,144,-0.99010456
13:34:06,145,-0.991458348
13:34:06,146,-0.992712991
13:34:06,147,-0.993868363
13:34:06,148,-0.99492435
13:34:06,149,-0.995880845
13:34:06,150,-0.996737752
13:34:06,151,-0.997494987
13:34:06,152,-0.998152472
13:34:06,153,-0.998710144
13:34:06,154,-0.999167945
13:34:06,155,-0.999525831
13:34:06,156,-0.999783764
13:34:06,157,-0.99994172
13:34:06,158,-0.999999683
13:34:06,159,-0.999957646
13:34:06,160,-0.999815615
13:34:06,161,-0.999573603
13:34:06,162,-0.999231634
13:34:06,163,-0.998789743
13:34:06,164,-0.998247974
13:34:06,165,-0.997606381
13:34:06,166,-0.996865028
13:34:06,167,-0.99602399
13:34:06,168,-0.99508335
13:34:06,169,-0.994043202
13:34:06,170,-0.992903651
13:34:06,171,-0.99166481
13:34:06,172,-0.990326804
13:34:06,173,-0.988889766
13:34:06,174,-0.98735384
13:34:06,175,-0.985719179
13:34:06,176,-0.983985947
13:34:06,177,-0.982154317
13:34:06,178,-0.980224473
13:34:06,179,-0.978196607
13:34:06,180,-0.976070922
13:34:06,181,-0.973847631
13:34:06,182,-0.971526956
13:34:06,183,-0.969109129
13:34:06,184,-0.966594392
13:34:06,185,-0.963982996
13:34:06,186,-0.961275203
13:34:06,187,-0.958471283
13:34:06,188,-0.955571517
13:34:06,189,-0.952576194
13:34:06,190,-0.949485615
13:34:06,191,-0.946300088
13:34:06,192,-0.943019931
13:34:06,193,-0.939645474
13:34:06,194,-0.936177052
13:34:06,195,-0.932615014
13:34:06,196,-0.928959715
13:34:06,197,-0.925211521
13:34:06,198,-0.921370806
13:34:06,199,-0.917437955
13:34:06,200,-0.913413361
13:34:06,201,-0.909297427
13:34:06,202,-0.905090563
13:34:06,203,-0.900793192
13:34:06,204,-0.896405741
13:34:06,205,-0.891928651
13:34:06,206,-0.887362369
13:34:06,207,-0.882707351
13:34:06,208,-0.877964063
13:34:06,209,-0.87313298
13:34:06,210,-0.868214583
13:34:06,211,-0.863209367
13:34:06,212,-0.85811783
13:34:06,213,-0.852940482
13:34:06,214,-0.84767784
13:34:06,215,-0.842330432
13:34:06,216,-0.836898791
13:34:06,217,-0.831383461
13:34:06,218,-0.825784993
13:34:06,219,-0.820103948
13:34:06,220,-0.814340892
13:34:06,221,-0.808496404
13:34:06,222,-0.802571066
13:34:06,223,-0.796565472
13:34:06,224,-0.790480222
13:34:06,225,-0.784315925
13:34:06,226,-0.778073197
13:34:06,227,-0.771752662
13:34:06,228,-0.765354953
13:34:06,229,-0.758880708
13:34:06,230,-0.752330576
13:34:06,231,-0.745705212
13:34:06,232,-0.739005278
13:34:06,233,-0.732231444
13:34:06,234,-0.725384387
13:34:06,235,-0.718464793
13:34:06,236,-0.711473353
13:34:06,237,-0.704410766
13:34:06,238,-0.697277738
13:34:06,239,-0.690074984
13:34:06,240,-0.682803222
13:34:06,241,-0.675463181
13:34:06,242,-0.668055593
13:34:06,243,-0.660581201
13:34:06,244,-0.653040752
13:34:06,245,-0.645434998
13:34:06,246,-0.637764702
13:34:06,247,-0.63003063
13:34:06,248,-0.622233555
13:34:06,249,-0.614374258
13:34:06,250,-0.606453523
13:34:06,251,-0.598472144
13:34:06,252,-0.590430918
13:34:06,253,-0.58233065
13:34:06,254,-0.574172148
13:34:06,255,-0.56595623
13:34:06,256,-0.557683717
13:34:06,257,-0.549355436
13:34:06,258,-0.54097222
13:34:06,259,-0.532534908
13:34:06,260,-0.524044342
13:34:06,261,-0.515501372
13:34:06,262,-0.506906852
13:34:06,263,-0.498261642
13:34:06,264,-0.489566607
13:34:06,265,-0.480822615
13:34:06,266,-0.472030541
13:34:06,267,-0.463191265
13:34:06,268,-0.45430567
13:34:06,269,-0.445374645
13:34:06,270,-0.436399082
13:34:06,271,-0.42737988
13:34:06,272,-0.418317941
13:34:06,273,-0.40921417
13:34:06,274,-0.400069478
13:34:06,275,-0.390884779
13:34:06,276,-0.381660992
13:34:06,277,-0.372399039
13:34:06,278,-0.363099847
13:34:06,279,-0.353764345
13:34:06,280,-0.344393467
13:34:06,281,-0.33498815
13:34:06,282,-0.325549335
13:34:06,283,-0.316077964
13:34:06,284,-0.306574986
13:34:06,285,-0.297041351
13:34:06,286,-0.287478012
13:34:06,287,-0.277885926
13:34:06,288,-0.268266051
13:34:06,289,-0.25861935
13:34:06,290,-0.248946787
13:34:06,291,-0.239249329
13:34:06,292,-0.229527947
13:34:06,293,-0.219783612
13:34:06,294,-0.210017299
13:34:06,295,-0.200229985
13:34:06,296,-0.190422647
13:34:06,297,-0.180596268
13:34:06,298,-0.170751829
13:34:06,299,-0.160890315
13:34:06,300,-0.151012712
13:34:06,301,-0.141120008
13:34:06,302,-0.131213192
13:34:06,303,-0.121293255
13:34:06,304,-0.111361189
13:34:06,305,-0.101417986
13:34:06,306,-0.091464642
13:34:06,307,-0.081502152
13:34:06,308,-0.071531511
13:34:06,309,-0.061553717
13:34:06,310,-0.051569768
13:34:06,311,-0.041580662
13:34:06,312,-0.031587398
13:34:06,313,-0.021590976
13:34:06,314,-0.011592394
13:34:06,315,-0.001592653
13:34:06,316,0.008407247
13:34:06,317,0.018406307
13:34:06,318,0.028403526
13:34:06,319,0.038397905
13:34:06,320,0.048388443
13:34:06,321,0.058374143
13:34:06,322,0.068354006
13:34:06,323,0.078327033
13:34:06,324,0.088292228
13:34:06,325,0.098248594
13:34:06,326,0.108195135
13:34:06,327,0.118130856
13:34:06,328,0.128054764
13:34:06,329,0.137965867
13:34:06,330,0.147863174
13:34:06,331,0.157745694
13:34:06,332,0.16761244
13:34:06,333,0.177462425
13:34:06,334,0.187294664
13:34:06,335,0.197108173
13:34:06,336,0.206901972
13:34:06,337,0.21667508
13:34:06,338,0.226426522
13:34:06,339,0.236155321
13:34:06,340,0.245860504
13:34:06,341,0.255541102
13:34:06,342,0.265196146
13:34:06,343,0.27482467
13:34:06,344,0.284425713
13:34:06,345,0.293998312
13:34:06,346,0.303541513
13:34:06,347,0.313054359
13:34:06,348,0.3225359
13:34:06,349,0.331985188
13:34:06,350,0.341401278
13:34:06,351,0.350783228
13:34:06,352,0.360130099
13:34:06,353,0.369440959
13:34:06,354,0.378714874
13:34:06,355,0.387950918
13:34:06,356,0.397148167
13:34:06,357,0.406305702
13:34:06,358,0.415422607
13:34:06,359,0.424497969
13:34:06,360,0.433530883
13:34:06,361,0.442520443
13:34:06,362,0.451465752
13:34:06,363,0.460365915
13:34:06,364,0.469220041
13:34:06,365,0.478027246
13:34:06,366,0.486786649
13:34:06,367,0.495497373
13:34:06,368,0.504158548
13:34:06,369,0.512769307
13:34:06,370,0.52132879
13:34:06,371,0.529836141
13:34:06,372,0.538290508
13:34:06,373,0.546691047
13:34:06,374,0.555036917
13:34:06,375,0.563327284
13:34:06,376,0.571561319
13:34:06,377,0.579738198
13:34:06,378,0.587857103
13:34:06,379,0.595917224
13:34:06,380,0.603917753
13:34:06,381,0.611857891
13:34:06,382,0.619736844
13:34:06,383,0.627553823
13:34:06,384,0.635308048
13:34:06,385,0.642998742
13:34:06,386,0.650625137
13:34:06,387,0.65818647
13:34:06,388,0.665681985
13:34:06,389,0.673110932
13:34:06,390,0.680472569
13:34:06,391,0.687766159
13:34:06,392,0.694990973
13:34:06,393,0.702146289
13:34:06,394,0.70923139
13:34:06,395,0.716245569
13:34:06,396,0.723188124
13:34:06,397,0.730058361
13:34:06,398,0.736855592
13:34:06,399,0.743579139
13:34:06,400,0.750228328
13:34:06,401,0.756802495
13:34:06,402,0.763300983
13:34:06,403,0.769723141
13:34:06,404,0.776068327
13:34:06,405,0.782335907
13:34:06,406,0.788525254
13:34:06,407,0.79463575
13:34:06,408,0.800666782
13:34:06,409,0.806617749
13:34:06,410,0.812488054
13:34:06,411,0.818277111
13:34:06,412,0.823984341
13:34:06,413,0.829609174
13:34:06,414,0.835151046
13:34:06,415,0.840609404
13:34:06,416,0.845983701
13:34:06,417,0.851273401
13:34:06,418,0.856477974
13:34:06,419,0.8615969
13:34:06,420,0.866629667
13:34:06,421,0.871575772
13:34:06,422,0.87643472
13:34:06,423,0.881206026
13:34:06,424,0.885889211
13:34:06,425,0.890483809
13:34:06,426,0.894989358
13:34:06,427,0.89940541
13:34:06,428,0.903731521
13:34:06,429,0.907967261
13:34:06,430,0.912112204
13:34:06,431,0.916165937
13:34:06,432,0.920128054
13:34:06,433,0.923998159
13:34:06,434,0.927775865
13:34:06,435,0.931460794
13:34:06,436,0.935052578
13:34:06,437,0.938550857
13:34:06,438,0.941955282
13:34:06,439,0.945265512
13:34:06,440,0.948481217
13:34:06,441,0.951602074
13:34:06,442,0.954627772
13:34:06,443,0.957558007
13:34:06,444,0.960392488
13:34:06,445,0.963130931
13:34:06,446,0.965773061
13:34:06,447,0.968318614
13:34:06,448,0.970767337
13:34:06,449,0.973118983
13:34:06,450,0.975373319
13:34:06,451,0.977530118
13:34:06,452,0.979589164
13:34:06,453,0.981550253
13:34:06,454,0.983413188
13:34:06,455,0.985177782
13:34:06,456,0.986843859
13:34:06,457,0.988411252
13:34:06,458,0.989879805
13:34:06,459,0.991249371
13:34:06,460,0.992519813
13:34:06,461,0.993691004
13:34:06,462,0.994762826
13:34:06,463,0.995735173
13:34:06,464,0.996607947
13:34:06,465,0.997381062
13:34:06,466,0.998054439
13:34:06,467,0.998628011
13:34:06,468,0.999101722
13:34:06,469,0.999475523
13:34:06,470,0.999749377
13:34:06,471,0.999923258
13:34:06,472,0.999997146
13:34:06,473,0.999971036
13:34:06,474,0.99984493
13:34:06,475,0.99961884
13:34:06,476,0.999292789
13:34:06,477,0.998866809
13:34:06,478,0.998340944
13:34:06,479,0.997715246
13:34:06,480,0.996989776
13:34:06,481,0.996164609
13:34:06,482,0.995239826
13:34:06,483,0.99421552
13:34:06,484,0.993091793
13:34:06,485,0.991868757
13:34:06,486,0.990546536
13:34:06,487,0.989125261
13:34:06,488,0.987605074
13:34:06,489,0.985986127
13:34:06,490,0.984268583
13:34:06,491,0.982452613
13:34:06,492,0.980538398
13:34:06,493,0.97852613
13:34:06,494,0.97641601
13:34:06,495,0.97420825
13:34:06,496,0.971903069
13:34:06,497,0.969500699
13:34:06,498,0.96700138
13:34:06,499,0.964405362
13:34:06,500,0.961712903
13:34:06,501,0.958924275
13:34:06,502,0.956039754
13:34:06,503,0.953059631
13:34:06,504,0.949984202
13:34:06,505,0.946813776
13:34:06,506,0.943548669
13:34:06,507,0.940189208
13:34:06,508,0.936735728
13:34:06,509,0.933188576
13:34:06,510,0.929548106
13:34:06,511,0.925814682
13:34:06,512,0.921988678
13:34:06,513,0.918070475
13:34:06,514,0.914060466
13:34:06,515,0.909959051
13:34:06,516,0.905766641
13:34:06,517,0.901483656
13:34:06,518,0.897110523
13:34:06,519,0.892647679
13:34:06,520,0.888095572
13:34:06,521,0.883454656
13:34:06,522,0.878725395
13:34:06,523,0.873908262
13:34:06,524,0.869003739
13:34:06,525,0.864012316
13:34:06,526,0.858934493
13:34:06,527,0.853770778
13:34:06,528,0.848521685
13:34:06,529,0.843187742
13:34:06,530,0.83776948
13:34:06,531,0.832267442
13:34:06,532,0.826682178
13:34:06,533,0.821014247
13:34:06,534,0.815264214
13:34:06,535,0.809432656
13:34:06,536,0.803520156
13:34:06,537,0.797527304
13:34:06,538,0.7914547
13:34:06,539,0.785302951
13:34:06,540,0.779072673
13:34:06,541,0.772764488
13:34:06,542,0.766379027
13:34:06,543,0.759916929
13:34:06,544,0.753378839
13:34:06,545,0.746765413
13:34:06,546,0.74007731
13:34:06,547,0.733315201
13:34:06,548,0.726479761
13:34:06,549,0.719571673
13:34:06,550,0.712591628
13:34:06,551,0.705540326
13:34:06,552,0.698418469
13:34:06,553,0.691226772
13:34:06,554,0.683965952
13:34:06,555,0.676636736
13:34:06,556,0.669239857
13:34:06,557,0.661776055
13:34:06,558,0.654246076
13:34:06,559,0.646650672
13:34:06,560,0.638990604
13:34:06,561,0.631266638
13:34:06,562,0.623479545
13:34:06,563,0.615630105
13:34:06,564,0.607719103
13:34:06,565,0.599747329
13:34:06,566,0.591715581
13:34:06,567,0.583624661
13:34:06,568,0.57547538
13:34:06,569,0.567268552
13:34:06,570,0.559004997
13:34:06,571,0.550685543
13:34:06,572,0.54231102
13:34:06,573,0.533882266
13:34:06,574,0.525400125
13:34:06,575,0.516865444
13:34:06,576,0.508279077
13:34:06,577,0.499641883
13:34:06,578,0.490954725
13:34:06,579,0.482218472
13:34:06,580,0.473433997
13:34:06,581,0.464602179
13:34:06,582,0.455723902
13:34:06,583,0.446800052
13:34:06,584,0.437831523
13:34:06,585,0.428819211
13:34:06,586,0.419764018
13:34:06,587,0.410666848
13:34:06,588,0.401528612
13:34:06,589,0.392350224
13:34:06,590,0.383132601
13:34:06,591,0.373876665
13:34:06,592,0.364583341
13:34:06,593,0.35525356
13:34:06,594,0.345888253
13:34:06,595,0.336488358
13:34:06,596,0.327054815
13:34:06,597,0.317588566
13:34:06,598,0.308090559
13:34:06,599,0.298561742
13:34:06,600,0.28900307
13:34:06,601,0.279415498
13:34:06,602,0.269799985
13:34:06,603,0.260157491
13:34:06,604,0.250488983
13:34:06,605,0.240795425
13:34:06,606,0.231077788
13:34:06,607,0.221337044
13:34:06,608,0.211574166
13:34:06,609,0.201790131
13:34:06,610,0.191985917
13:34:06,611,0.182162504
13:34:06,612,0.172320876
13:34:06,613,0.162462015
13:34:06,614,0.152586909
13:34:06,615,0.142696544
13:34:06,616,0.132791909
13:34:06,617,0.122873995
13:34:06,618,0.112943794
13:34:06,619,0.103002299
13:34:06,620,0.093050503
13:34:06,621,0.083089403
13:34:06,622,0.073119994
13:34:06,623,0.063143272
13:34:06,624,0.053160237
13:34:06,625,0.043171885
13:34:06,626,0.033179217
13:34:06,627,0.02318323
13:34:06,628,0.013184925
13:34:06,629,0.003185302
13:34:06,630,-0.00681464
13:34:06,631,-0.0168139
13:34:06,632,-0.02681148
13:34:06,633,-0.036806377
13:34:06,634,-0.046797595
13:34:06,635,-0.056784132
13:34:06,636,-0.066764992
13:34:06,637,-0.076739174
13:34:06,638,-0.086705683
13:34:06,639,-0.096663522
13:34:06,640,-0.106611694
13:34:06,641,-0.116549205
13:34:06,642,-0.126475061
13:34:06,643,-0.13638827
13:34:06,644,-0.14628784
13:34:06,645,-0.156172782
13:34:06,646,-0.166042106
13:34:06,647,-0.175894826
13:34:06,648,-0.185729957
13:34:06,649,-0.195546515
13:34:06,650,-0.205343519
13:34:06,651,-0.215119988
13:34:06,652,-0.224874946
13:34:06,653,-0.234607416
13:34:06,654,-0.244316426
13:34:06,655,-0.254001004
13:34:06,656,-0.263660182
13:34:06,657,-0.273292995
13:34:06,658,-0.282898479
13:34:06,659,-0.292475672
13:34:06,660,-0.302023619
13:34:06,661,-0.311541364
13:34:06,662,-0.321027954
13:34:06,663,-0.330482442
13:34:06,664,-0.339903882
13:34:06,665,-0.349291332
13:34:06,666,-0.358643853
13:34:06,667,-0.367960511
13:34:06,668,-0.377240372
13:34:06,669,-0.38648251
13:34:06,670,-0.395685999
13:34:06,671,-0.404849921
13:34:06,672,-0.413973357
13:34:06,673,-0.423055397
13:34:06,674,-0.432095132
13:34:06,675,-0.441091657
13:34:06,676,-0.450044074
13:34:06,677,-0.458951486
13:34:06,678,-0.467813004
13:34:06,679,-0.476627741
13:34:06,680,-0.485394816
13:34:06,681,-0.494113351
13:34:06,682,-0.502782476
13:34:06,683,-0.511401322
13:34:06,684,-0.519969029
13:34:06,685,-0.52848474
13:34:06,686,-0.536947602
13:34:06,687,-0.545356771
13:34:06,688,-0.553711404
13:34:06,689,-0.562010666
13:34:06,690,-0.570253728
13:34:06,691,-0.578439764
13:34:06,692,-0.586567958
13:34:06,693,-0.594637495
13:34:06,694,-0.602647568
13:34:06,695,-0.610597378
13:34:06,696,-0.618486128
13:34:06,697,-0.62631303
13:34:06,698,-0.634077302
13:34:06,699,-0.641778166
13:34:06,700,-0.649414853
13:34:06,701,-0.656986599
13:34:06,702,-0.664492647
13:34:06,703,-0.671932246
13:34:06,704,-0.679304652
13:34:06,705,-0.686609129
13:34:06,706,-0.693844945
13:34:06,707,-0.701011377
13:34:06,708,-0.708107709
13:34:06,709,-0.715133231
13:34:06,710,-0.722087239
13:34:06,711,-0.72896904
13:34:06,712,-0.735777945
13:34:06,713,-0.742513272
13:34:06,714,-0.749174348
13:34:06,715,-0.755760508
13:34:06,716,-0.762271092
13:34:06,717,-0.76870545
13:34:06,718,-0.775062938
13:34:06,719,-0.78134292
13:34:06,720,-0.787544769
13:34:06,721,-0.793667864
13:34:06,722,-0.799711593
13:34:06,723,-0.805675351
13:34:06,724,-0.811558542
13:34:06,725,-0.817360578
13:34:06,726,-0.823080879
13:34:06,727,-0.828718872
13:34:06,728,-0.834273995
13:34:06,729,-0.83974569
13:34:06,730,-0.845133412
13:34:06,731,-0.850436621
13:34:06,732,-0.855654787
13:34:06,733,-0.860787388
13:34:06,734,-0.865833911
13:34:06,735,-0.870793852
13:34:06,736,-0.875666714
13:34:06,737,-0.88045201
13:34:06,738,-0.885149261
13:34:06,739,-0.889757998
13:34:06,740,-0.894277761
13:34:06,741,-0.898708096
13:34:06,742,-0.903048561
13:34:06,743,-0.907298722
13:34:06,744,-0.911458154
13:34:06,745,-0.915526441
13:34:06,746,-0.919503176
13:34:06,747,-0.923387961
13:34:06,748,-0.927180409
13:34:06,749,-0.930880139
13:34:06,750,-0.934486782
13:34:06,751,-0.937999977
13:34:06,752,-0.941419373
13:34:06,753,-0.944744627
13:34:06,754,-0.947975408
13:34:06,755,-0.951111392
13:34:06,756,-0.954152266
13:34:06,757,-0.957097726
13:34:06,758,-0.959947476
13:34:06,759,-0.962701233
13:34:06,760,-0.96535872
13:34:06,761,-0.967919672
13:34:06,762,-0.970383833
13:34:06,763,-0.972750956
13:34:06,764,-0.975020806
13:34:06,765,-0.977193153
13:34:06,766,-0.979267783
13:34:06,767,-0.981244486
13:34:06,768,-0.983123066
13:34:06,769,-0.984903334
13:34:06,770,-0.986585113
13:34:06,771,-0.988168234
13:34:06,772,-0.989652539
13:34:06,773,-0.99103788
13:34:06,774,-0.992324117
13:34:06,775,-0.993511123
13:34:06,776,-0.994598779
13:34:06,777,-0.995586976
13:34:06,778,-0.996475615
13:34:06,779,-0.997264607
13:34:06,780,-0.997953873
13:34:06,781,-0.998543345
13:34:06,782,-0.999032964
13:34:06,783,-0.99942268
13:34:06,784,-0.999712454
13:34:06,785,-0.999902259
13:34:06,786,-0.999992073
13:34:06,787,-0.99998189
13:34:06,788,-0.999871709
13:34:06,789,-0.999661541
13:34:06,790,-0.999351409
13:34:06,791,-0.998941342
13:34:06,792,-0.998431382
13:34:06,793,-0.997821579
13:34:06,794,-0.997111995
13:34:06,795,-0.996302701
13:34:06,796,-0.995393777
13:34:06,797,-0.994385315
13:34:06,798,-0.993277415
13:34:06,799,-0.992070188
13:34:06,800,-0.990763755
13:34:06,801,-0.989358247
13:34:06,802,-0.987853803
13:34:06,803,-0.986250575
13:34:06,804,-0.984548723
13:34:06,805,-0.982748416
13:34:06,806,-0.980849836
13:34:06,807,-0.978853171
13:34:06,808,-0.976758622
13:34:06,809,-0.974566398
13:34:06,810,-0.972276718
13:34:06,811,-0.969889811
13:34:06,812,-0.967405916
13:34:06,813,-0.964825281
13:34:06,814,-0.962148164
13:34:06,815,-0.959374834
13:34:06,816,-0.956505567
13:34:06,817,-0.95354065
13:34:06,818,-0.950480379
13:34:06,819,-0.947325062
13:34:06,820,-0.944075013
13:34:06,821,-0.940730557
13:34:06,822,-0.937292028
13:34:06,823,-0.933759772
13:34:06,824,-0.93013414
13:34:06,825,-0.926415495
13:34:06,826,-0.92260421
13:34:06,827,-0.918700665
13:34:06,828,-0.914705251
13:34:06,829,-0.910618367
13:34:06,830,-0.906440422
13:34:06,831,-0.902171834
13:34:06,832,-0.897813029
13:34:06,833,-0.893364444
13:34:06,834,-0.888826523
13:34:06,835,-0.88419972
13:34:06,836,-0.879484498
13:34:06,837,-0.874681328
13:34:06,838,-0.86979069
13:34:06,839,-0.864813075
13:34:06,840,-0.859748978
13:34:06,841,-0.854598908
13:34:06,842,-0.849363379
13:34:06,843,-0.844042913
13:34:06,844,-0.838638044
13:34:06,845,-0.833149313
13:34:06,846,-0.827577266
13:34:06,847,-0.821922463
13:34:06,848,-0.816185469
13:34:06,849,-0.810366856
13:34:06,850,-0.804467207
13:34:06,851,-0.798487113
13:34:06,852,-0.79242717
13:34:06,853,-0.786287985
13:34:06,854,-0.780070172
13:34:06,855,-0.773774353
13:34:06,856,-0.767401157
13:34:06,857,-0.760951221
13:34:06,858,-0.754425191
13:34:06,859,-0.747823719
13:34:06,860,-0.741147466
13:34:06,861,-0.734397098
13:34:06,862,-0.727573291
13:34:06,863,-0.720676727
13:34:06,864,-0.713708097
13:34:06,865,-0.706668096
13:34:06,866,-0.699557429
13:34:06,867,-0.692376806
13:34:06,868,-0.685126947
13:34:06,869,-0.677808575
13:34:06,870,-0.670422424
13:34:06,871,-0.66296923
13:34:06,872,-0.65544974
13:34:06,873,-0.647864706
13:34:06,874,-0.640214886
13:34:06,875,-0.632501045
13:34:06,876,-0.624723954
13:34:06,877,-0.616884391
13:34:06,878,-0.608983141
13:34:06,879,-0.601020992
13:34:06,880,-0.592998742
13:34:06,881,-0.584917193
13:34:06,882,-0.576777152
13:34:06,883,-0.568579435
13:34:06,884,-0.560324859
13:34:06,885,-0.552014252
13:34:06,886,-0.543648444
13:34:06,887,-0.535228271
13:34:06,888,-0.526754576
13:34:06,889,-0.518228206
13:34:06,890,-0.509650013
13:34:06,891,-0.501020856
13:34:06,892,-0.492341598
13:34:06,893,-0.483613105
13:34:06,894,-0.474836252
13:34:06,895,-0.466011915
13:34:06,896,-0.457140978
13:34:06,897,-0.448224327
13:34:06,898,-0.439262854
13:34:06,899,-0.430257455
13:34:06,900,-0.42120903
13:34:06,901,-0.412118485
13:34:06,902,-0.402986729
13:34:06,903,-0.393814674
13:34:06,904,-0.384603238
13:34:06,905,-0.375353342
13:34:06,906,-0.366065911
13:34:06,907,-0.356741874
13:34:06,908,-0.347382162
13:34:06,909,-0.337987713
13:34:06,910,-0.328559466
13:34:06,911,-0.319098362
13:34:06,912,-0.309605349
13:34:06,913,-0.300081376
13:34:06,914,-0.290527395
13:34:06,915,-0.280944362
13:34:06,916,-0.271333234
13:34:06,917,-0.261694973
13:34:06,918,-0.252030543
13:34:06,919,-0.24234091
13:34:06,920,-0.232627043
13:34:06,921,-0.222889914
13:34:06,922,-0.213130496
13:34:06,923,-0.203349765
13:34:06,924,-0.193548699
13:34:06,925,-0.183728279
13:34:06,926,-0.173889485
13:34:06,927,-0.164033303
13:34:06,928,-0.154160718
13:34:06,929,-0.144272717
13:34:06,930,-0.134370289
13:34:06,931,-0.124454424
13:34:06,932,-0.114526113
13:34:06,933,-0.10458635
13:34:06,934,-0.094636128
13:34:06,935,-0.084676443
13:34:06,936,-0.07470829
13:34:06,937,-0.064732667
13:34:06,938,-0.05475057
13:34:06,939,-0.044762998
13:34:06,940,-0.03477095
13:34:06,941,-0.024775425
13:34:06,942,-0.014777423
13:34:06,943,-0.004777943
13:34:06,944,0.005222015
13:34:06,945,0.015221451
13:34:06,946,0.025219365
13:34:06,947,0.035214757
13:34:06,948,0.045206627
13:34:06,949,0.055193977
13:34:06,950,0.065175808
13:34:06,951,0.07515112
13:34:06,952,0.085118918
13:34:06,953,0.095078204
13:34:06,954,0.105027983
13:34:06,955,0.114967258
13:34:06,956,0.124895037
13:34:06,957,0.134810327
13:34:06,958,0.144712135
13:34:06,959,0.154599473
13:34:06,960,0.164471351
13:34:06,961,0.174326781
13:34:06,962,0.184164779
13:34:06,963,0.193984361
13:34:06,964,0.203784545
13:34:06,965,0.21356435
13:34:06,966,0.223322799
13:34:06,967,0.233058916
13:34:06,968,0.242771727
13:34:06,969,0.252460262
13:34:06,970,0.26212355
13:34:06,971,0.271760626
13:34:06,972,0.281370527
13:34:06,973,0.290952291
13:34:06,974,0.300504959
13:34:06,975,0.310027578
13:34:06,976,0.319519194
13:34:06,977,0.328978858
13:34:06,978,0.338405625
13:34:06,979,0.347798551
13:34:06,980,0.357156698
13:34:06,981,0.366479129
13:34:06,982,0.375764913
13:34:06,983,0.385013121
13:34:06,984,0.394222827
13:34:06,985,0.403393112
13:34:06,986,0.412523058
13:34:06,987,0.421611752
13:34:06,988,0.430658285
13:34:06,989,0.439661752
13:34:06,990,0.448621254
13:34:06,991,0.457535894
13:34:06,992,0.46640478
13:34:06,993,0.475227027
13:34:06,994,0.484001751
13:34:06,995,0.492728076
13:34:06,996,0.501405128
13:34:06,997,0.51003204
13:34:06,998,0.51860795
13:34:06,999,0.527131998
13:34:06,1000,0.535603335
13:34:06,1001,0.544021111
13:34:06,1002,0.552384486
13:34:06,1003,0.560692622
13:34:06,1004,0.56894469
13:34:06,1005,0.577139864
13:34:06,1006,0.585277324
13:34:06,1007,0.593356257
13:34:06,1008,0.601375855
13:34:06,1009,0.609335316
13:34:06,1010,0.617233844
13:34:06,1011,0.625070649
13:34:06,1012,0.632844947
13:34:06,1013,0.640555962
13:34:06,1014,0.648202921
13:34:06,1015,0.655785061
13:34:06,1016,0.663301623
13:34:06,1017,0.670751855
13:34:06,1018,0.678135012
13:34:06,1019,0.685450357
13:34:06,1020,0.692697157
13:34:06,1021,0.699874688
13:34:06,1022,0.706982232
13:34:06,1023,0.714019078
13:34:06,1024,0.720984523
13:34:06,1025,0.72787787
13:34:06,1026,0.73469843
13:34:06,1027,0.741445521
13:34:06,1028,0.748118468
13:34:06,1029,0.754716604
13:34:06,1030,0.761239268
13:34:06,1031,0.76768581
13:34:06,1032,0.774055583
13:34:06,1033,0.780347952
13:34:06,1034,0.786562286
13:34:06,1035,0.792697965
13:34:06,1036,0.798754374
13:34:06,1037,0.804730909
13:34:06,1038,0.810626972
13:34:06,1039,0.816441972
13:34:06,1040,0.822175329
13:34:06,1041,0.827826469
13:34:06,1042,0.833394827
13:34:06,1043,0.838879846
13:34:06,1044,0.844280979
13:34:06,1045,0.849597683
13:34:06,1046,0.854829429
13:34:06,1047,0.859975692
13:34:06,1048,0.865035959
13:34:06,1049,0.870009722
13:34:06,1050,0.874896486
13:34:06,1051,0.87969576
13:34:06,1052,0.884407066
13:34:06,1053,0.889029931
13:34:06,1054,0.893563895
13:34:06,1055,0.898008502
13:34:06,1056,0.90236331
13:34:06,1057,0.906627882
13:34:06,1058,0.910801792
13:34:06,1059,0.914884623
13:34:06,1060,0.918875966
13:34:06,1061,0.922775422
13:34:06,1062,0.926582601
13:34:06,1063,0.930297123
13:34:06,1064,0.933918616
13:34:06,1065,0.937446717
13:34:06,1066,0.940881075
13:34:06,1067,0.944221346
13:34:06,1068,0.947467195
13:34:06,1069,0.950618298
13:34:06,1070,0.953674341
13:34:06,1071,0.956635016
13:34:06,1072,0.959500029
13:34:06,1073,0.962269093
13:34:06,1074,0.964941931
13:34:06,1075,0.967518275
13:34:06,1076,0.969997868
13:34:06,1077,0.972380462
13:34:06,1078,0.974665819
13:34:06,1079,0.97685371
13:34:06,1080,0.978943917
13:34:06,1081,0.98093623
13:34:06,1082,0.98283045
13:34:06,1083,0.984626388
13:34:06,1084,0.986323865
13:34:06,1085,0.987922709
13:34:06,1086,0.989422762
13:34:06,1087,0.990823874
13:34:06,1088,0.992125904
13:34:06,1089,0.993328723
13:34:06,1090,0.994432209
13:34:06,1091,0.995436253
13:34:06,1092,0.996340755
13:34:06,1093,0.997145622
13:34:06,1094,0.997850777
13:34:06,1095,0.998456147
13:34:06,1096,0.998961672
13:34:06,1097,0.999367302
13:34:06,1098,0.999672996
13:34:06,1099,0.999878723
13:34:06,1100,0.999984464
13:34:06,1101,0.999990207
13:34:06,1102,0.999895951
13:34:06,1103,0.999701707
13:34:06,1104,0.999407494
13:34:06,1105,0.99901334
13:34:06,1106,0.998519286
13:34:06,1107,0.997925382
13:34:06,1108,0.997231685
13:34:06,1109,0.996438266
13:34:06,1110,0.995545204
13:34:06,1111,0.994552588
13:34:06,1112,0.993460518
13:34:06,1113,0.992269103
13:34:06,1114,0.990978461
13:34:06,1115,0.989588723
13:34:06,1116,0.988100026
13:34:06,1117,0.986512521
13:34:06,1118,0.984826365
13:34:06,1119,0.983041727
13:34:06,1120,0.981158785
13:34:06,1121,0.979177729
13:34:06,1122,0.977098756
13:34:06,1123,0.974922074
13:34:06,1124,0.9726479
13:34:06,1125,0.970276462
13:34:06,1126,0.967807998
13:34:06,1127,0.965242753
13:34:06,1128,0.962580985
13:34:06,1129,0.95982296
13:34:06,1130,0.956968953
13:34:06,1131,0.95401925
13:34:06,1132,0.950974146
13:34:06,1133,0.947833945
13:34:06,1134,0.944598962
13:34:06,1135,0.94126952
13:34:06,1136,0.937845951
13:34:06,1137,0.934328599
13:34:06,1138,0.930717814
13:34:06,1139,0.927013959
13:34:06,1140,0.923217403
13:34:06,1141,0.919328526
13:34:06,1142,0.915347717
13:34:06,1143,0.911275373
13:34:06,1144,0.907111903
13:34:06,1145,0.902857723
13:34:06,1146,0.898513258
13:34:06,1147,0.894078942
13:34:06,1148,0.889555219
13:34:06,1149,0.884942541
13:34:06,1150,0.880241369
13:34:06,1151,0.875452175
13:34:06,1152,0.870575435
13:34:06,1153,0.865611639
13:34:06,1154,0.860561283
13:34:06,1155,0.855424871
13:34:06,1156,0.850202917
13:34:06,1157,0.844895944
13:34:06,1158,0.839504482
13:34:06,1159,0.83402907
13:34:06,1160,0.828470255
13:34:06,1161,0.822828595
13:34:06,1162,0.817104652
13:34:06,1163,0.811299
13:34:06,1164,0.805412218
13:34:06,1165,0.799444896
13:34:06,1166,0.79339763
13:34:06,1167,0.787271025
13:34:06,1168,0.781065693
13:34:06,1169,0.774782256
13:34:06,1170,0.768421341
13:34:06,1171,0.761983584
13:34:06,1172,0.75546963
13:34:06,1173,0.748880129
13:34:06,1174,0.742215741
13:34:06,1175,0.735477132
13:34:06,1176,0.728664976
13:34:06,1177,0.721779954
13:34:06,1178,0.714822754
13:34:06,1179,0.707794073
13:34:06,1180,0.700694614
13:34:06,1181,0.693525085
13:34:06,1182,0.686286204
13:34:06,1183,0.678978695
13:34:06,1184,0.671603289
13:34:06,1185,0.664160724
13:34:06,1186,0.656651742
13:34:06,1187,0.649077096
13:34:06,1188,0.641437543
13:34:06,1189,0.633733847
13:34:06,1190,0.625966778
13:34:06,1191,0.618137112
13:34:06,1192,0.610245634
13:34:06,1193,0.602293131
13:34:06,1194,0.5942804
13:34:06,1195,0.586208241
13:34:06,1196,0.578077461
13:34:06,1197,0.569888875
13:34:06,1198,0.5616433
13:34:06,1199,0.553341561
13:34:06,1200,0.544984489
13:34:06,1201,0.536572918
13:34:06,1202,0.528107691
13:34:06,1203,0.519589653
13:34:06,1204,0.511019657
13:34:06,1205,0.502398559
13:34:06,1206,0.493727222
13:34:06,1207,0.485006512
13:34:06,1208,0.476237302
13:34:06,1209,0.467420469
13:34:06,1210,0.458556895
13:34:06,1211,0.449647465
13:34:06,1212,0.44069307
13:34:06,1213,0.431694607
13:34:06,1214,0.422652974
13:34:06,1215,0.413569077
13:34:06,1216,0.404443823
13:34:06,1217,0.395278125
13:34:06,1218,0.386072899
13:34:06,1219,0.376829067
13:34:06,1220,0.367547552
13:34:06,1221,0.358229282
13:34:06,1222,0.34887519
13:34:06,1223,0.339486211
13:34:06,1224,0.330063283
13:34:06,1225,0.320607349
13:34:06,1226,0.311119355
13:34:06,1227,0.301600249
13:34:06,1228,0.292050983
13:34:06,1229,0.282472513
13:34:06,1230,0.272865795
13:34:06,1231,0.263231791
13:34:06,1232,0.253571464
13:34:06,1233,0.243885781
13:34:06,1234,0.234175709
13:34:06,1235,0.224442219
13:34:06,1236,0.214686285
13:34:06,1237,0.204908883
13:34:06,1238,0.195110991
13:34:06,1239,0.185293587
13:34:06,1240,0.175457654
13:34:06,1241,0.165604175
13:34:06,1242,0.155734137
13:34:06,1243,0.145848525
13:34:06,1244,0.135948328
13:34:06,1245,0.126034536
13:34:06,1246,0.116108141
13:34:06,1247,0.106170136
13:34:06,1248,0.096221513
13:34:06,1249,0.086263269
13:34:06,1250,0.076296398
13:34:06,1251,0.066321897
13:34:06,1252,0.056340765
13:34:06,1253,0.046353998
13:34:06,1254,0.036362596
13:34:06,1255,0.026367558
13:34:06,1256,0.016369883
13:34:06,1257,0.006370571
13:34:06,1258,-0.003629378
13:34:06,1259,-0.013628964
13:34:06,1260,-0.023627187
13:34:06,1261,-0.033623047
13:34:06,1262,-0.043615545
13:34:06,1263,-0.053603682
13:34:06,1264,-0.063586458
13:34:06,1265,-0.073562876
13:34:06,1266,-0.083531937
13:34:06,1267,-0.093492646
13:34:06,1268,-0.103444005
13:34:06,1269,-0.11338502
13:34:06,1270,-0.123314696
13:34:06,1271,-0.133232041
13:34:06,1272,-0.143136063
13:34:06,1273,-0.153025772
13:34:06,1274,-0.162900178
13:34:06,1275,-0.172758294
13:34:06,1276,-0.182599135
13:34:06,1277,-0.192421715
13:34:06,1278,-0.202225054
13:34:06,1279,-0.21200817
13:34:06,1280,-0.221770086
13:34:06,1281,-0.231509825
13:34:06,1282,-0.241226413
13:34:06,1283,-0.250918879
13:34:06,1284,-0.260586253
13:34:06,1285,-0.270227569
13:34:06,1286,-0.279841862
13:34:06,1287,-0.289428171
13:34:06,1288,-0.298985537
13:34:06,1289,-0.308513005
13:34:06,1290,-0.318009623
13:34:06,1291,-0.327474439
13:34:06,1292,-0.336906508
13:34:06,1293,-0.346304887
13:34:06,1294,-0.355668636
13:34:06,1295,-0.364996818
13:34:06,1296,-0.374288501
13:34:06,1297,-0.383542755
13:34:06,1298,-0.392758656
13:34:06,1299,-0.40193528
13:34:06,1300,-0.411071712
13:34:06,1301,-0.420167037
13:34:06,1302,-0.429220345
13:34:06,1303,-0.438230732
13:34:06,1304,-0.447197296
13:34:06,1305,-0.456119141
13:34:06,1306,-0.464995374
13:34:06,1307,-0.473825108
13:34:06,1308,-0.48260746
13:34:06,1309,-0.491341551
13:34:06,1310,-0.500026509
13:34:06,1311,-0.508661464
13:34:06,1312,-0.517245554
13:34:06,1313,-0.52577792
13:34:06,1314,-0.534257708
13:34:06,1315,-0.542684071
13:34:06,1316,-0.551056166
13:34:06,1317,-0.559373156
13:34:06,1318,-0.567634209
13:34:06,1319,-0.575838499
13:34:06,1320,-0.583985206
13:34:06,1321,-0.592073515
13:34:06,1322,-0.600102617
13:34:06,1323,-0.608071709
13:34:06,1324,-0.615979994
13:34:06,1325,-0.623826682
13:34:06,1326,-0.631610988
13:34:06,1327,-0.639332133
13:34:06,1328,-0.646989345
13:34:06,1329,-0.65458186
13:34:06,1330,-0.662108916
13:34:06,1331,-0.669569762
13:34:06,1332,-0.676963652
13:34:06,1333,-0.684289846
13:34:06,1334,-0.691547611
13:34:06,1335,-0.698736223
13:34:06,1336,-0.705854961
13:34:06,1337,-0.712903114
13:34:06,1338,-0.719879978
13:34:06,1339,-0.726784854
13:34:06,1340,-0.733617053
13:34:06,1341,-0.74037589
13:34:06,1342,-0.74706069
13:34:06,1343,-0.753670785
13:34:06,1344,-0.760205514
13:34:06,1345,-0.766664222
13:34:06,1346,-0.773046265
13:34:06,1347,-0.779351004
13:34:06,1348,-0.785577808
13:34:06,1349,-0.791726055
13:34:06,1350,-0.79779513
13:34:06,1351,-0.803784427
13:34:06,1352,-0.809693345
13:34:06,1353,-0.815521295
13:34:06,1354,-0.821267694
13:34:06,1355,-0.826931966
13:34:06,1356,-0.832513546
13:34:06,1357,-0.838011875
13:34:06,1358,-0.843426404
13:34:06,1359,-0.848756591
13:34:06,1360,-0.854001902
13:34:06,1361,-0.859161815
13:34:06,1362,-0.864235812
13:34:06,1363,-0.869223386
13:34:06,1364,-0.874124038
13:34:06,1365,-0.878937279
13:34:06,1366,-0.883662627
13:34:06,1367,-0.888299609
13:34:06,1368,-0.892847762
13:34:06,1369,-0.897306631
13:34:06,1370,-0.90167577
13:34:06,1371,-0.905954742
13:34:06,1372,-0.91014312
13:34:06,1373,-0.914240484
13:34:06,1374,-0.918246424
13:34:06,1375,-0.922160541
13:34:06,1376,-0.925982443
13:34:06,1377,-0.929711747
13:34:06,1378,-0.933348081
13:34:06,1379,-0.93689108
13:34:06,1380,-0.940340391
13:34:06,1381,-0.943695669
13:34:06,1382,-0.946956579
13:34:06,1383,-0.950122793
13:34:06,1384,-0.953193996
13:34:06,1385,-0.95616988
13:34:06,1386,-0.959050148
13:34:06,1387,-0.961834512
13:34:06,1388,-0.964522693
13:34:06,1389,-0.967114423
13:34:06,1390,-0.969609442
13:34:06,1391,-0.972007501
13:34:06,1392,-0.97430836
13:34:06,1393,-0.976511789
13:34:06,1394,-0.978617568
13:34:06,1395,-0.980625486
13:34:06,1396,-0.982535342
13:34:06,1397,-0.984346945
13:34:06,1398,-0.986060115
13:34:06,1399,-0.987674679
13:34:06,1400,-0.989190476
13:34:06,1401,-0.990607356
13:34:06,1402,-0.991925175
13:34:06,1403,-0.993143803
13:34:06,1404,-0.994263117
13:34:06,1405,-0.995283006
13:34:06,1406,-0.996203367
13:34:06,1407,-0.997024109
13:34:06,1408,-0.997745149
13:34:06,1409,-0.998366415
13:34:06,1410,-0.998887846
13:34:06,1411,-0.999309389
13:34:06,1412,-0.999631001
13:34:06,1413,-0.999852652
13:34:06,1414,-0.999974318
13:34:06,1415,-0.999995987
13:34:06,1416,-0.999917657
13:34:06,1417,-0.999739337
13:34:06,1418,-0.999461044
13:34:06,1419,-0.999082805
13:34:06,1420,-0.998604659
13:34:06,1421,-0.998026653
13:34:06,1422,-0.997348845
13:34:06,1423,-0.996571303
13:34:06,1424,-0.995694105
13:34:06,1425,-0.994717339
13:34:06,1426,-0.993641101
13:34:06,1427,-0.9924655
13:34:06,1428,-0.991190654
13:34:06,1429,-0.989816689
13:34:06,1430,-0.988343743
13:34:06,1431,-0.986771964
13:34:06,1432,-0.985101509
13:34:06,1433,-0.983332544
13:34:06,1434,-0.981465247
13:34:06,1435,-0.979499804
13:34:06,1436,-0.977436411
13:34:06,1437,-0.975275276
13:34:06,1438,-0.973016615
13:34:06,1439,-0.970660652
13:34:06,1440,-0.968207624
13:34:06,1441,-0.965657777
13:34:06,1442,-0.963011364
13:34:06,1443,-0.960268651
13:34:06,1444,-0.957429912
13:34:06,1445,-0.95449543
13:34:06,1446,-0.9514655
13:34:06,1447,-0.948340424
13:34:06,1448,-0.945120515
13:34:06,1449,-0.941806095
13:34:06,1450,-0.938397495
13:34:06,1451,-0.934895056
13:34:06,1452,-0.931299128
13:34:06,1453,-0.927610071
13:34:06,1454,-0.923828253
13:34:06,1455,-0.919954054
13:34:06,1456,-0.91598786
13:34:06,1457,-0.911930068
13:34:06,1458,-0.907781084
13:34:06,1459,-0.903541322
13:34:06,1460,-0.899211207
13:34:06,1461,-0.894791172
13:34:06,1462,-0.890281658
13:34:06,1463,-0.885683117
13:34:06,1464,-0.880996009
13:34:06,1465,-0.876220801
13:34:06,1466,-0.871357972
13:34:06,1467,-0.866408008
13:34:06,1468,-0.861371404
13:34:06,1469,-0.856248664
13:34:06,1470,-0.851040299
13:34:06,1471,-0.845746831
13:34:06,1472,-0.840368789
13:34:06,1473,-0.834906711
13:34:06,1474,-0.829361143
13:34:06,1475,-0.82373264
13:34:06,1476,-0.818021763
13:34:06,1477,-0.812229086
13:34:06,1478,-0.806355186
13:34:06,1479,-0.800400651
13:34:06,1480,-0.794366077
13:34:06,1481,-0.788252067
13:34:06,1482,-0.782059233
13:34:06,1483,-0.775788193
13:34:06,1484,-0.769439575
13:34:06,1485,-0.763014014
13:34:06,1486,-0.756512152
13:34:06,1487,-0.749934639
13:34:06,1488,-0.743282133
13:34:06,1489,-0.7365553
13:34:06,1490,-0.729754812
13:34:06,1491,-0.72288135
13:34:06,1492,-0.715935599
13:34:06,1493,-0.708918256
13:34:06,1494,-0.701830021
13:34:06,1495,-0.694671604
13:34:06,1496,-0.68744372
13:34:06,1497,-0.680147093
13:34:06,1498,-0.672782452
13:34:06,1499,-0.665350532
13:34:06,1500,-0.657852079
13:34:06,1501,-0.65028784
13:34:06,1502,-0.642658574
13:34:06,1503,-0.634965042
13:34:06,1504,-0.627208014
13:34:06,1505,-0.619388265
13:34:06,1506,-0.611506579
13:34:06,1507,-0.603563742
13:34:06,1508,-0.59556055
13:34:06,1509,-0.587497802
13:34:06,1510,-0.579376304
13:34:06,1511,-0.57119687
13:34:06,1512,-0.562960316
13:34:06,1513,-0.554667467
13:34:06,1514,-0.546319151
13:34:06,1515,-0.537916204
13:34:06,1516,-0.529459466
13:34:06,1517,-0.520949782
13:34:06,1518,-0.512388004
13:34:06,1519,-0.503774987
13:34:06,1520,-0.495111593
13:34:06,1521,-0.486398689
13:34:06,1522,-0.477637145
13:34:06,1523,-0.468827838
13:34:06,1524,-0.459971648
13:34:06,1525,-0.451069462
13:34:06,1526,-0.442122169
13:34:06,1527,-0.433130664
13:34:06,1528,-0.424095846
13:34:06,1529,-0.415018619
13:34:06,1530,-0.405899891
13:34:06,1531,-0.396740573
13:34:06,1532,-0.387541581
13:34:06,1533,-0.378303836
13:34:06,1534,-0.36902826
13:34:06,1535,-0.359715782
13:34:06,1536,-0.350367333
13:34:06,1537,-0.340983847
13:34:06,1538,-0.331566263
13:34:06,1539,-0.322115523
13:34:06,1540,-0.312632571
13:34:06,1541,-0.303118357
13:34:06,1542,-0.293573831
13:34:06,1543,-0.283999947
13:34:06,1544,-0.274397664
13:34:06,1545,-0.264767942
13:34:06,1546,-0.255111743
13:34:06,1547,-0.245430032
13:34:06,1548,-0.23572378
13:34:06,1549,-0.225993954
13:34:06,1550,-0.21624153
13:34:06,1551,-0.206467482
13:34:06,1552,-0.196672787
13:34:06,1553,-0.186858425
13:34:06,1554,-0.177025377
13:34:06,1555,-0.167174627
13:34:06,1556,-0.15730716
13:34:06,1557,-0.147423962
13:34:06,1558,-0.137526022
13:34:06,1559,-0.127614329
13:34:06,1560,-0.117689875
13:34:06,1561,-0.107753652
13:34:06,1562,-0.097806654
13:34:06,1563,-0.087849875
13:34:06,1564,-0.077884312
13:34:06,1565,-0.06791096
13:34:06,1566,-0.057930816
13:34:06,1567,-0.04794488
13:34:06,1568,-0.03795415
13:34:06,1569,-0.027959624
13:34:06,1570,-0.017962302
13:34:06,1571,-0.007963184
13:34:06,1572,0.002036731
13:34:06,1573,0.012036441
13:34:06,1574,0.022034949
13:34:06,1575,0.032031252
13:34:06,1576,0.042024353
13:34:06,1577,0.052013251
13:34:06,1578,0.061996948
13:34:06,1579,0.071974445
13:34:06,1580,0.081944745
13:34:06,1581,0.09190685
13:34:06,1582,0.101859765
13:34:06,1583,0.111802494
13:34:06,1584,0.121734043
13:34:06,1585,0.131653418
13:34:06,1586,0.141559628
13:34:06,1587,0.151451683
13:34:06,1588,0.161328592
13:34:06,1589,0.171189369
13:34:06,1590,0.181033027
13:34:06,1591,0.190858581
13:34:06,1592,0.20066505
13:34:06,1593,0.210451453
13:34:06,1594,0.220216811
13:34:06,1595,0.229960147
13:34:06,1596,0.239680487
13:34:06,1597,0.24937686
13:34:06,1598,0.259048295
13:34:06,1599,0.268693825
13:34:06,1600,0.278312486
13:34:06,1601,0.287903317
13:34:06,1602,0.297465357
13:34:06,1603,0.306997651
13:34:06,1604,0.316499245
13:34:06,1605,0.32596919
13:34:06,1606,0.335406538
13:34:06,1607,0.344810345
13:34:06,1608,0.354179672
13:34:06,1609,0.363513582
13:34:06,1610,0.37281114
13:34:06,1611,0.382071417
13:34:06,1612,0.391293488
13:34:06,1613,0.400476429
13:34:06,1614,0.409619324
13:34:06,1615,0.418721256
13:34:06,1616,0.427781317
13:34:06,1617,0.4367986
13:34:06,1618,0.445772204
13:34:06,1619,0.45470123
13:34:06,1620,0.463584787
13:34:06,1621,0.472421986
13:34:06,1622,0.481211944
13:34:06,1623,0.48995378
13:34:06,1624,0.498646621
13:34:06,1625,0.507289598
13:34:06,1626,0.515881847
13:34:06,1627,0.524422508
13:34:06,1628,0.532910727
13:34:06,1629,0.541345655
13:34:06,1630,0.549726449
13:34:06,1631,0.558052271
13:34:06,1632,0.566322289
13:34:06,1633,0.574535674
13:34:06,1634,0.582691607
13:34:06,1635,0.59078927
13:34:06,1636,0.598827856
13:34:06,1637,0.606806559
13:34:06,1638,0.614724582
13:34:06,1639,0.622581133
13:34:06,1640,0.630375426
13:34:06,1641,0.638106682
13:34:06,1642,0.645774129
13:34:06,1643,0.653376998
13:34:06,1644,0.66091453
13:34:06,1645,0.668385971
13:34:06,1646,0.675790575
13:34:06,1647,0.683127599
13:34:06,1648,0.690396312
13:34:06,1649,0.697595985
13:34:06,1650,0.7047259
13:34:06,1651,0.711785342
13:34:06,1652,0.718773607
13:34:06,1653,0.725689995
13:34:06,1654,0.732533814
13:34:06,1655,0.739304381
13:34:06,1656,0.746001017
13:34:06,1657,0.752623055
13:34:06,1658,0.75916983
13:34:06,1659,0.76564069
13:34:06,1660,0.772034986
13:34:06,1661,0.778352079
13:34:06,1662,0.784591337
13:34:06,1663,0.790752137
13:34:06,1664,0.796833862
13:34:06,1665,0.802835905
13:34:06,1666,0.808757665
13:34:06,1667,0.814598549
13:34:06,1668,0.820357975
13:34:06,1669,0.826035365
13:34:06,1670,0.831630153
13:34:06,1671,0.837141778
13:34:06,1672,0.84256969
13:34:06,1673,0.847913345
13:34:06,1674,0.85317221
13:34:06,1675,0.858345758
13:34:06,1676,0.863433473
13:34:06,1677,0.868434845
13:34:06,1678,0.873349374
13:34:06,1679,0.878176569
13:34:06,1680,0.882915947
13:34:06,1681,0.887567034
13:34:06,1682,0.892129365
13:34:06,1683,0.896602484
13:34:06,1684,0.900985943
13:34:06,1685,0.905279305
13:34:06,1686,0.909482139
13:34:06,1687,0.913594026
13:34:06,1688,0.917614554
13:34:06,1689,0.921543322
13:34:06,1690,0.925379936
13:34:06,1691,0.929124013
13:34:06,1692,0.932775178
13:34:06,1693,0.936333066
13:34:06,1694,0.939797322
13:34:06,1695,0.943167599
13:34:06,1696,0.94644356
13:34:06,1697,0.949624878
13:34:06,1698,0.952711233
13:34:06,1699,0.955702319
13:34:06,1700,0.958597835
13:34:06,1701,0.961397492
13:34:06,1702,0.96410101
13:34:06,1703,0.966708119
13:34:06,1704,0.969218557
13:34:06,1705,0.971632075
13:34:06,1706,0.97394843
13:34:06,1707,0.976167392
13:34:06,1708,0.978288737
13:34:06,1709,0.980312254
13:34:06,1710,0.982237741
13:34:06,1711,0.984065005
13:34:06,1712,0.985793863
13:34:06,1713,0.987424143
13:34:06,1714,0.988955681
13:34:06,1715,0.990388324
13:34:06,1716,0.99172193
13:34:06,1717,0.992956364
13:34:06,1718,0.994091503
13:34:06,1719,0.995127234
13:34:06,1720,0.996063453
13:34:06,1721,0.996900066
13:34:06,1722,0.99763699
13:34:06,1723,0.998274152
13:34:06,1724,0.998811486
13:34:06,1725,0.999248941
13:34:06,1726,0.999586471
13:34:06,1727,0.999824044
13:34:06,1728,0.999961635
13:34:06,1729,0.999999231
13:34:06,1730,0.999936827
13:34:06,1731,0.999774431
13:34:06,1732,0.999512058
13:34:06,1733,0.999149735
13:34:06,1734,0.998687498
13:34:06,1735,0.998125392
13:34:06,1736,0.997463475
13:34:06,1737,0.996701813
13:34:06,1738,0.995840481
13:34:06,1739,0.994879566
13:34:06,1740,0.993819164
13:34:06,1741,0.99265938
13:34:06,1742,0.991400332
13:34:06,1743,0.990042144
13:34:06,1744,0.988584953
13:34:06,1745,0.987028905
13:34:06,1746,0.985374154
13:34:06,1747,0.983620867
13:34:06,1748,0.981769218
13:34:06,1749,0.979819393
13:34:06,1750,0.977771588
13:34:06,1751,0.975626005
13:34:06,1752,0.973382862
13:34:06,1753,0.97104238
13:34:06,1754,0.968604795
13:34:06,1755,0.966070351
13:34:06,1756,0.9634393
13:34:06,1757,0.960711906
13:34:06,1758,0.957888442
13:34:06,1759,0.954969189
13:34:06,1760,0.951954441
13:34:06,1761,0.948844498
13:34:06,1762,0.945639671
13:34:06,1763,0.942340281
13:34:06,1764,0.938946658
13:34:06,1765,0.935459141
13:34:06,1766,0.931878079
13:34:06,1767,0.92820383
13:34:06,1768,0.924436761
13:34:06,1769,0.920577249
13:34:06,1770,0.91662568
13:34:06,1771,0.91258245
13:34:06,1772,0.908447962
13:34:06,1773,0.90422263
13:34:06,1774,0.899906876
13:34:06,1775,0.895501133
13:34:06,1776,0.89100584
13:34:06,1777,0.886421447
13:34:06,1778,0.881748413
13:34:06,1779,0.876987205
13:34:06,1780,0.872138299
13:34:06,1781,0.867202179
13:34:06,1782,0.862179341
13:34:06,1783,0.857070285
13:34:06,1784,0.851875522
13:34:06,1785,0.846595573
13:34:06,1786,0.841230965
13:34:06,1787,0.835782235
13:34:06,1788,0.830249927
13:34:06,1789,0.824634595
13:34:06,1790,0.8189368
13:34:06,1791,0.813157112
13:34:06,1792,0.807296109
13:34:06,1793,0.801354377
13:34:06,1794,0.79533251
13:34:06,1795,0.789231111
13:34:06,1796,0.783050789
13:34:06,1797,0.776792163
13:34:06,1798,0.770455858
13:34:06,1799,0.764042508
13:34:06,1800,0.757552755
13:34:06,1801,0.750987247
13:34:06,1802,0.744346641
13:34:06,1803,0.737631601
13:34:06,1804,0.730842798
13:34:06,1805,0.723980912
13:34:06,1806,0.717046628
13:34:06,1807,0.71004064
13:34:06,1808,0.702963648
13:34:06,1809,0.695816361
13:34:06,1810,0.688599493
13:34:06,1811,0.681313766
13:34:06,1812,0.673959907
13:34:06,1813,0.666538653
13:34:06,1814,0.659050746
13:34:06,1815,0.651496935
13:34:06,1816,0.643877974
13:34:06,1817,0.636194626
13:34:06,1818,0.628447659
13:34:06,1819,0.620637847
13:34:06,1820,0.612765973
13:34:06,1821,0.604832822
13:34:06,1822,0.596839189
13:34:06,1823,0.588785872
13:34:06,1824,0.580673677
13:34:06,1825,0.572503416
13:34:06,1826,0.564275904
13:34:06,1827,0.555991965
13:34:06,1828,0.547652428
13:34:06,1829,0.539258125
13:34:06,1830,0.530809898
13:34:06,1831,0.52230859
13:34:06,1832,0.513755051
13:34:06,1833,0.505150137
13:34:06,1834,0.496494709
13:34:06,1835,0.487789632
13:34:06,1836,0.479035776
13:34:06,1837,0.470234017
13:34:06,1838,0.461385235
13:34:06,1839,0.452490314
13:34:06,1840,0.443550146
13:34:06,1841,0.434565622
13:34:06,1842,0.425537642
13:34:06,1843,0.416467109
13:34:06,1844,0.40735493
13:34:06,1845,0.398202015
13:34:06,1846,0.389009281
13:34:06,1847,0.379777645
13:34:06,1848,0.370508033
13:34:06,1849,0.36120137
13:34:06,1850,0.351858587
13:34:06,1851,0.342480618
13:34:06,1852,0.333068402
13:34:06,1853,0.323622879
13:34:06,1854,0.314144995
13:34:06,1855,0.304635696
13:34:06,1856,0.295095933
13:34:06,1857,0.285526661
13:34:06,1858,0.275928837
13:34:06,1859,0.266303421
13:34:06,1860,0.256651374
13:34:06,1861,0.246973662
13:34:06,1862,0.237271253
13:34:06,1863,0.227545117
13:34:06,1864,0.217796227
13:34:06,1865,0.208025557
13:34:06,1866,0.198234085
13:34:06,1867,0.188422789
13:34:06,1868,0.178592652
13:34:06,1869,0.168744655
13:34:06,1870,0.158879785
13:34:06,1871,0.148999026
13:34:06,1872,0.139103367
13:34:06,1873,0.129193799
13:34:06,1874,0.119271311
13:34:06,1875,0.109336896
13:34:06,1876,0.099391547
13:34:06,1877,0.089436259
13:34:06,1878,0.079472028
13:34:06,1879,0.06949985
13:34:06,1880,0.059520721
13:34:06,1881,0.049535641
13:34:06,1882,0.039545607
13:34:06,1883,0.029551619
13:34:06,1884,0.019554675
13:34:06,1885,0.009555776
